Date,Open,High,Low,Close,Adj Close,Volume,trade_date
2016-01-04,11.260000228881836,11.420000076293945,10.819999694824219,10.979999542236328,10.979999542236328,36236700,20160104
2016-01-05,10.800000190734863,10.869999885559082,10.640000343322754,10.65999984741211,10.65999984741211,32173600,20160105
2016-01-06,10.300000190734863,10.470000267028809,10.0600004196167,10.109999656677246,10.109999656677246,73087100,20160106
2016-01-07,9.890000343322754,10.199999809265137,9.850000381469727,9.899999618530273,9.899999618530273,51997700,20160107
2016-01-08,9.949999809265137,10.020000457763672,9.710000038146973,9.800000190734863,9.800000190734863,44688400,20160108
2016-01-11,9.720000267028809,9.760000228881836,9.199999809265137,9.25,9.25,82008800,20160111
2016-01-12,9.430000305175781,9.479999542236328,8.899999618530273,9.170000076293945,9.170000076293945,102085300,20160112
2016-01-13,9.300000190734863,9.390000343322754,8.930000305175781,9.09000015258789,9.09000015258789,100555700,20160113
2016-01-14,9.140000343322754,9.34000015258789,9.039999961853027,9.229999542236328,9.229999542236328,47627300,20160114
2016-01-15,8.789999961853027,8.899999618530273,8.640000343322754,8.789999961853027,8.789999961853027,92820900,20160115
2016-01-19,8.75,8.770000457763672,8.449999809265137,8.489999771118164,8.489999771118164,60322600,20160119
2016-01-20,8.34000015258789,8.369999885559082,7.920000076293945,8.239999771118164,8.239999771118164,83215600,20160120
2016-01-21,8.100000381469727,8.6899995803833,8.0600004196167,8.5600004196167,8.5600004196167,87217400,20160121
2016-01-22,9.09000015258789,9.289999961853027,8.970000267028809,9.270000457763672,9.270000457763672,62556200,20160122
2016-01-25,8.9399995803833,9.119999885559082,8.539999961853027,8.539999961853027,8.539999961853027,55479000,20160125
2016-01-26,8.8100004196167,9.3100004196167,8.739999771118164,8.970000267028809,8.970000267028809,50394300,20160126
2016-01-27,8.920000076293945,9.430000305175781,8.789999961853027,9.180000305175781,9.180000305175781,71429700,20160127
2016-01-28,9.800000190734863,9.859999656677246,9.40999984741211,9.699999809265137,9.699999809265137,66151100,20160128
2016-01-29,9.770000457763672,9.880000114440918,9.380000114440918,9.649999618530273,9.649999618530273,47209700,20160129
2016-02-01,9.350000381469727,9.359999656677246,8.989999771118164,9.020000457763672,9.020000457763672,48889800,20160201
2016-02-02,8.720000267028809,8.8100004196167,8.5600004196167,8.569999694824219,8.569999694824219,44437500,20160202
2016-02-03,8.84000015258789,9.350000381469727,8.539999961853027,9.34000015258789,9.34000015258789,72246300,20160203
2016-02-04,9.550000190734863,9.649999618530273,9.0600004196167,9.119999885559082,9.119999885559082,44030700,20160204
2016-02-05,9.039999961853027,9.229999542236328,8.800000190734863,8.90999984741211,8.90999984741211,34847600,20160205
2016-02-08,8.770000457763672,8.819999694824219,8.520000457763672,8.640000343322754,8.640000343322754,38298300,20160208
2016-02-09,8.510000228881836,8.670000076293945,7.96999979019165,8.180000305175781,8.180000305175781,56309100,20160209
2016-02-10,7.96999979019165,8.399999618530273,7.889999866485596,7.960000038146973,7.960000038146973,64182800,20160210
2016-02-11,7.820000171661377,8.029999732971191,7.670000076293945,7.989999771118164,7.989999771118164,95990700,20160211
2016-02-12,8.15999984741211,8.520000457763672,8.010000228881836,8.329999923706055,8.329999923706055,67907200,20160212
2016-02-16,8.489999771118164,8.520000457763672,8.180000305175781,8.3100004196167,8.3100004196167,48950000,20160216
2016-02-17,8.430000305175781,8.899999618530273,8.390000343322754,8.779999732971191,8.779999732971191,60273400,20160217
2016-02-18,9.029999732971191,9.069999694824219,8.649999618530273,8.65999984741211,8.65999984741211,55390100,20160218
2016-02-19,8.550000190734863,8.600000381469727,8.350000381469727,8.550000190734863,8.550000190734863,47562600,20160219
2016-02-22,8.899999618530273,9.010000228881836,8.84000015258789,8.90999984741211,8.90999984741211,53972100,20160222
2016-02-23,8.760000228881836,8.760000228881836,8.430000305175781,8.479999542236328,8.479999542236328,62427200,20160223
2016-02-24,8.1899995803833,8.630000114440918,8.140000343322754,8.59000015258789,8.59000015258789,48189900,20160224
2016-02-25,8.479999542236328,8.920000076293945,8.279999732971191,8.800000190734863,8.800000190734863,39101900,20160225
2016-02-26,9.140000343322754,9.15999984741211,8.699999809265137,8.779999732971191,8.779999732971191,58799400,20160226
2016-02-29,8.859999656677246,9.039999961853027,8.779999732971191,9.0,9.0,50604400,20160229
2016-03-01,8.979999542236328,9.260000228881836,8.890000343322754,9.149999618530273,9.149999618530273,47605400,20160301
2016-03-02,9.010000228881836,9.359999656677246,8.9399995803833,9.300000190734863,9.300000190734863,49507900,20160302
2016-03-03,9.130000114440918,9.40999984741211,9.109999656677246,9.25,9.25,34161800,20160303
2016-03-04,9.289999961853027,9.649999618530273,9.180000305175781,9.649999618530273,9.649999618530273,48973800,20160304
2016-03-07,9.680000305175781,10.149999618530273,9.670000076293945,10.109999656677246,10.109999656677246,67097200,20160307
2016-03-08,10.039999961853027,10.039999961853027,9.649999618530273,9.649999618530273,9.649999618530273,45700500,20160308
2016-03-09,9.869999885559082,10.210000038146973,9.850000381469727,10.149999618530273,10.149999618530273,43985300,20160309
2016-03-10,9.960000038146973,10.119999885559082,9.880000114440918,10.039999961853027,10.039999961853027,32869700,20160310
2016-03-11,10.210000038146973,10.289999961853027,10.0600004196167,10.1899995803833,10.1899995803833,28144000,20160311
2016-03-14,9.920000076293945,9.930000305175781,9.760000228881836,9.880000114440918,9.880000114440918,37316700,20160314
2016-03-15,9.729999542236328,9.739999771118164,9.59000015258789,9.699999809265137,9.699999809265137,35471100,20160315
2016-03-16,9.90999984741211,10.199999809265137,9.90999984741211,10.180000305175781,10.180000305175781,38311700,20160316
2016-03-17,10.369999885559082,10.600000381469727,10.289999961853027,10.550000190734863,10.550000190734863,41070700,20160317
2016-03-18,10.710000038146973,10.800000190734863,10.430000305175781,10.479999542236328,10.479999542236328,38919600,20160318
2016-03-21,10.5,10.619999885559082,10.359999656677246,10.59000015258789,10.59000015258789,34995300,20160321
2016-03-22,10.40999984741211,10.640000343322754,10.380000114440918,10.539999961853027,10.539999961853027,28287400,20160322
2016-03-23,10.329999923706055,10.369999885559082,10.079999923706055,10.109999656677246,10.109999656677246,40194200,20160323
2016-03-24,9.779999732971191,10.100000381469727,9.739999771118164,10.0600004196167,10.0600004196167,50576300,20160324
2016-03-28,10.010000228881836,10.0600004196167,9.869999885559082,10.010000228881836,10.010000228881836,27248100,20160328
2016-03-29,9.710000038146973,9.819999694824219,9.630000114440918,9.800000190734863,9.800000190734863,34407600,20160329
2016-03-30,9.989999771118164,10.130000114440918,9.699999809265137,9.729999542236328,9.729999542236328,36954600,20160330
2016-03-31,9.680000305175781,9.920000076293945,9.670000076293945,9.699999809265137,9.699999809265137,32692400,20160331
2016-04-01,9.40999984741211,9.460000038146973,9.319999694824219,9.329999923706055,9.329999923706055,40266100,20160401
2016-04-04,9.319999694824219,9.460000038146973,9.050000190734863,9.079999923706055,9.079999923706055,38727100,20160404
2016-04-05,9.069999694824219,9.1899995803833,8.989999771118164,9.130000114440918,9.130000114440918,42668400,20160405
2016-04-06,9.380000114440918,9.630000114440918,9.319999694824219,9.600000381469727,9.600000381469727,45573000,20160406
2016-04-07,9.489999771118164,9.550000190734863,9.329999923706055,9.510000228881836,9.510000228881836,28205000,20160407
2016-04-08,9.979999542236328,10.109999656677246,9.930000305175781,10.029999732971191,10.029999732971191,47156500,20160408
2016-04-11,10.1899995803833,10.34000015258789,10.149999618530273,10.279999732971191,10.279999732971191,29067700,20160411
2016-04-12,10.369999885559082,10.720000267028809,10.3100004196167,10.640000343322754,10.640000343322754,56065200,20160412
2016-04-13,10.59000015258789,10.739999771118164,10.479999542236328,10.510000228881836,10.510000228881836,42934000,20160413
2016-04-14,10.579999923706055,10.649999618530273,10.420000076293945,10.479999542236328,10.479999542236328,31708200,20160414
2016-04-15,10.279999732971191,10.329999923706055,10.130000114440918,10.25,10.25,34981000,20160415
2016-04-18,9.84000015258789,10.239999771118164,9.789999961853027,10.170000076293945,10.170000076293945,38666300,20160418
2016-04-19,10.25,10.539999961853027,10.220000267028809,10.4399995803833,10.4399995803833,37479900,20160419
2016-04-20,10.239999771118164,10.880000114440918,10.199999809265137,10.760000228881836,10.760000228881836,42501200,20160420
2016-04-21,10.710000038146973,10.819999694824219,10.579999923706055,10.720000267028809,10.720000267028809,27139900,20160421
2016-04-22,10.75,10.930000305175781,10.6899995803833,10.760000228881836,10.760000228881836,29964200,20160422
2016-04-25,10.779999732971191,10.8100004196167,10.470000267028809,10.550000190734863,10.550000190734863,21975800,20160425
2016-04-26,10.65999984741211,10.869999885559082,10.619999885559082,10.8100004196167,10.8100004196167,19190200,20160426
2016-04-27,11.029999732971191,11.220000267028809,10.760000228881836,11.140000343322754,11.140000343322754,37920900,20160427
2016-04-28,11.15999984741211,11.34000015258789,11.100000381469727,11.220000267028809,11.220000267028809,24935900,20160428
2016-04-29,11.420000076293945,11.5,11.119999885559082,11.300000190734863,11.300000190734863,34802100,20160429
2016-05-02,11.239999771118164,11.25,10.949999809265137,11.050000190734863,11.050000190734863,21614400,20160502
2016-05-03,10.859999656677246,10.880000114440918,10.65999984741211,10.739999771118164,10.739999771118164,28412200,20160503
2016-05-04,10.930000305175781,11.039999961853027,10.630000114440918,10.789999961853027,10.789999961853027,24287300,20160504
2016-05-05,11.229999542236328,11.239999771118164,10.8100004196167,10.899999618530273,10.899999618530273,34159000,20160505
2016-05-06,10.8100004196167,11.149999618530273,10.779999732971191,10.960000038146973,10.960000038146973,26396700,20160506
2016-05-09,10.859999656677246,10.90999984741211,10.640000343322754,10.680000305175781,10.680000305175781,22143100,20160509
2016-05-10,10.75,11.020000457763672,10.720000267028809,10.989999771118164,10.989999771118164,20448300,20160510
2016-05-11,10.90999984741211,11.420000076293945,10.850000381469727,11.34000015258789,11.34000015258789,29338200,20160511
2016-05-12,11.529999732971191,11.529999732971191,11.220000267028809,11.449999809265137,11.449999809265137,23946400,20160512
2016-05-13,11.350000381469727,11.430000305175781,11.270000457763672,11.369999885559082,11.369999885559082,15230000,20160513
2016-05-16,11.680000305175781,11.789999961853027,11.630000114440918,11.760000228881836,11.760000228881836,26713400,20160516
2016-05-17,11.75,11.930000305175781,11.710000038146973,11.920000076293945,11.920000076293945,22310900,20160517
2016-05-18,11.850000381469727,12.0,11.699999809265137,11.699999809265137,11.699999809265137,29425500,20160518
2016-05-19,11.579999923706055,11.800000190734863,11.4399995803833,11.789999961853027,11.789999961853027,21902500,20160519
2016-05-20,11.789999961853027,11.859999656677246,11.609999656677246,11.75,11.75,19220000,20160520
2016-05-23,11.510000228881836,11.6899995803833,11.489999771118164,11.65999984741211,11.65999984741211,15395600,20160523
2016-05-24,11.670000076293945,11.850000381469727,11.65999984741211,11.819999694824219,11.819999694824219,17092900,20160524
2016-05-25,11.920000076293945,12.050000190734863,11.789999961853027,12.029999732971191,12.029999732971191,24984100,20160525
2016-05-26,12.109999656677246,12.119999885559082,11.920000076293945,11.949999809265137,11.949999809265137,21603300,20160526
2016-05-27,11.84000015258789,11.989999771118164,11.800000190734863,11.979999542236328,11.979999542236328,14089100,20160527
2016-05-31,11.979999542236328,12.130000114440918,11.819999694824219,11.869999885559082,11.869999885559082,16850700,20160531
2016-06-01,11.619999885559082,11.930000305175781,11.5600004196167,11.930000305175781,11.930000305175781,25553100,20160601
2016-06-02,11.670000076293945,11.960000038146973,11.649999618530273,11.859999656677246,11.859999656677246,22253200,20160602
2016-06-03,11.890000343322754,11.890000343322754,11.699999809265137,11.819999694824219,11.819999694824219,19169900,20160603
2016-06-06,12.010000228881836,12.079999923706055,11.899999618530273,12.039999961853027,12.039999961853027,23410200,20160606
2016-06-07,12.100000381469727,12.239999771118164,12.069999694824219,12.220000267028809,12.220000267028809,18247700,20160607
2016-06-08,12.34000015258789,12.449999809265137,12.279999732971191,12.430000305175781,12.430000305175781,26500300,20160608
2016-06-09,12.1899995803833,12.319999694824219,12.1899995803833,12.25,12.25,18027700,20160609
2016-06-10,12.020000457763672,12.100000381469727,11.829999923706055,11.869999885559082,11.869999885559082,21021400,20160610
2016-06-13,11.710000038146973,11.9399995803833,11.699999809265137,11.760000228881836,11.760000228881836,18163900,20160613
2016-06-14,11.729999542236328,11.789999961853027,11.65999984741211,11.729999542236328,11.729999542236328,15842400,20160614
2016-06-15,11.569999694824219,11.779999732971191,11.430000305175781,11.470000267028809,11.470000267028809,23350400,20160615
2016-06-16,11.399999618530273,11.420000076293945,11.109999656677246,11.140000343322754,11.140000343322754,31068700,20160616
2016-06-17,11.449999809265137,11.670000076293945,11.390000343322754,11.65999984741211,11.65999984741211,34921800,20160617
2016-06-20,11.819999694824219,11.960000038146973,11.760000228881836,11.90999984741211,11.90999984741211,26077300,20160620
2016-06-21,11.760000228881836,11.9399995803833,11.6899995803833,11.890000343322754,11.890000343322754,21823000,20160621
2016-06-22,11.989999771118164,12.039999961853027,11.579999923706055,11.739999771118164,11.739999771118164,26056700,20160622
2016-06-23,11.920000076293945,12.0,11.779999732971191,11.979999542236328,11.979999542236328,18947500,20160623
2016-06-24,11.380000114440918,11.579999923706055,11.359999656677246,11.399999618530273,11.399999618530273,32784500,20160624
2016-06-27,11.220000267028809,11.220000267028809,10.960000038146973,11.1899995803833,11.1899995803833,24678900,20160627
2016-06-28,11.399999618530273,11.470000267028809,11.199999809265137,11.470000267028809,11.470000267028809,23383000,20160628
2016-06-29,11.550000190734863,11.960000038146973,11.5,11.789999961853027,11.789999961853027,24821700,20160629
2016-06-30,11.65999984741211,11.789999961853027,11.520000457763672,11.569999694824219,11.569999694824219,22048700,20160630
2016-07-01,11.520000457763672,11.779999732971191,11.5,11.779999732971191,11.779999732971191,20567100,20160701
2016-07-05,11.350000381469727,11.369999885559082,11.09000015258789,11.180000305175781,11.180000305175781,30162300,20160705
2016-07-06,11.09000015258789,11.40999984741211,11.010000228881836,11.329999923706055,11.329999923706055,17436200,20160706
2016-07-07,11.5,11.539999961853027,10.739999771118164,10.819999694824219,10.819999694824219,36199100,20160707
2016-07-08,10.90999984741211,10.949999809265137,10.710000038146973,10.829999923706055,10.829999923706055,21540700,20160708
2016-07-11,10.90999984741211,10.949999809265137,10.640000343322754,10.649999618530273,10.649999618530273,16805900,20160711
2016-07-12,11.039999961853027,11.229999542236328,10.890000343322754,11.1899995803833,11.1899995803833,30624700,20160712
2016-07-13,11.069999694824219,11.149999618530273,10.649999618530273,10.75,10.75,34345300,20160713
2016-07-14,10.859999656677246,10.949999809265137,10.760000228881836,10.869999885559082,10.869999885559082,21465900,20160714
2016-07-15,10.989999771118164,11.079999923706055,10.890000343322754,10.989999771118164,10.989999771118164,23656100,20160715
2016-07-18,10.789999961853027,10.880000114440918,10.720000267028809,10.819999694824219,10.819999694824219,19842200,20160718
2016-07-19,10.789999961853027,10.819999694824219,10.680000305175781,10.699999809265137,10.699999809265137,17785400,20160719
2016-07-20,10.550000190734863,10.850000381469727,10.510000228881836,10.729999542236328,10.729999542236328,26551900,20160720
2016-07-21,10.680000305175781,10.75,10.489999771118164,10.489999771118164,10.489999771118164,20343800,20160721
2016-07-22,10.489999771118164,10.5,10.300000190734863,10.420000076293945,10.420000076293945,22494200,20160722
2016-07-25,10.199999809265137,10.229999542236328,10.109999656677246,10.130000114440918,10.130000114440918,24337300,20160725
2016-07-26,10.100000381469727,10.170000076293945,10.020000457763672,10.079999923706055,10.079999923706055,23818200,20160726
2016-07-27,10.100000381469727,10.170000076293945,9.8100004196167,9.899999618530273,9.899999618530273,28714900,20160727
2016-07-28,9.850000381469727,9.890000343322754,9.65999984741211,9.670000076293945,9.670000076293945,28370400,20160728
2016-07-29,9.630000114440918,9.8100004196167,9.550000190734863,9.760000228881836,9.760000228881836,25507500,20160729
2016-08-01,9.619999885559082,9.649999618530273,9.380000114440918,9.40999984741211,9.40999984741211,37967800,20160801
2016-08-02,9.59000015258789,9.630000114440918,9.239999771118164,9.329999923706055,9.329999923706055,30293900,20160802
2016-08-03,9.350000381469727,9.6899995803833,9.229999542236328,9.6899995803833,9.6899995803833,36429700,20160803
2016-08-04,9.569999694824219,9.90999984741211,9.539999961853027,9.84000015258789,9.84000015258789,30164600,20160804
2016-08-05,9.829999923706055,9.869999885559082,9.65999984741211,9.859999656677246,9.859999656677246,30849000,20160805
2016-08-08,10.029999732971191,10.210000038146973,10.020000457763672,10.100000381469727,10.100000381469727,28890900,20160808
2016-08-09,10.1899995803833,10.239999771118164,10.010000228881836,10.069999694824219,10.069999694824219,25742400,20160809
2016-08-10,10.100000381469727,10.210000038146973,9.75,9.770000457763672,9.770000457763672,31031800,20160810
2016-08-11,9.890000343322754,10.319999694824219,9.859999656677246,10.210000038146973,10.210000038146973,31426700,20160811
2016-08-12,10.300000190734863,10.5,10.260000228881836,10.5,10.5,31930100,20160812
2016-08-15,10.59000015258789,10.779999732971191,10.5600004196167,10.760000228881836,10.760000228881836,33965200,20160815
2016-08-16,10.789999961853027,10.960000038146973,10.699999809265137,10.920000076293945,10.920000076293945,34193800,20160816
2016-08-17,10.880000114440918,11.020000457763672,10.760000228881836,10.989999771118164,10.989999771118164,33402600,20160817
2016-08-18,11.109999656677246,11.34000015258789,11.109999656677246,11.300000190734863,11.300000190734863,58903400,20160818
2016-08-19,11.34000015258789,11.380000114440918,11.229999542236328,11.34000015258789,11.34000015258789,30987000,20160819
2016-08-22,11.100000381469727,11.109999656677246,10.949999809265137,10.970000267028809,10.970000267028809,24924100,20160822
2016-08-23,10.800000190734863,11.180000305175781,10.779999732971191,11.09000015258789,11.09000015258789,47774500,20160823
2016-08-24,10.9399995803833,11.029999732971191,10.739999771118164,10.819999694824219,10.819999694824219,29804500,20160824
2016-08-25,10.800000190734863,10.979999542236328,10.760000228881836,10.949999809265137,10.949999809265137,23730900,20160825
2016-08-26,10.9399995803833,11.210000038146973,10.850000381469727,10.949999809265137,10.949999809265137,26286500,20160826
2016-08-29,10.829999923706055,10.920000076293945,10.789999961853027,10.850000381469727,10.850000381469727,24748400,20160829
2016-08-30,10.930000305175781,10.970000267028809,10.6899995803833,10.729999542236328,10.729999542236328,27491800,20160830
2016-08-31,10.619999885559082,10.65999984741211,10.289999961853027,10.359999656677246,10.359999656677246,30520000,20160831
2016-09-01,10.1899995803833,10.270000457763672,9.949999809265137,10.0600004196167,10.0600004196167,59055100,20160901
2016-09-02,10.199999809265137,10.34000015258789,10.149999618530273,10.239999771118164,10.239999771118164,37178500,20160902
2016-09-06,10.210000038146973,10.399999618530273,10.15999984741211,10.390000343322754,10.390000343322754,33638100,20160906
2016-09-07,10.399999618530273,10.539999961853027,10.3100004196167,10.520000457763672,10.520000457763672,35656800,20160907
2016-09-08,10.710000038146973,11.029999732971191,10.579999923706055,10.960000038146973,10.960000038146973,53504000,20160908
2016-09-09,10.779999732971191,10.819999694824219,10.579999923706055,10.59000015258789,10.59000015258789,28882800,20160909
2016-09-12,10.399999618530273,10.739999771118164,10.369999885559082,10.640000343322754,10.640000343322754,26830900,20160912
2016-09-13,10.489999771118164,10.569999694824219,10.350000381469727,10.369999885559082,10.369999885559082,38346600,20160913
2016-09-14,10.270000457763672,10.430000305175781,10.039999961853027,10.09000015258789,10.09000015258789,53903600,20160914
2016-09-15,10.140000343322754,10.260000228881836,10.010000228881836,10.140000343322754,10.140000343322754,37908400,20160915
2016-09-16,9.930000305175781,10.069999694824219,9.899999618530273,10.0,10.0,39046900,20160916
2016-09-19,10.029999732971191,10.199999809265137,9.979999542236328,9.979999542236328,9.979999542236328,45691100,20160919
2016-09-20,9.869999885559082,10.130000114440918,9.819999694824219,10.069999694824219,10.069999694824219,44729900,20160920
2016-09-21,10.25,10.40999984741211,10.210000038146973,10.399999618530273,10.399999618530273,44116600,20160921
2016-09-22,10.569999694824219,10.609999656677246,10.479999542236328,10.529999732971191,10.529999732971191,53465000,20160922
2016-09-23,10.489999771118164,10.579999923706055,10.09000015258789,10.1899995803833,10.1899995803833,51458800,20160923
2016-09-26,10.34000015258789,10.539999961853027,10.3100004196167,10.430000305175781,10.430000305175781,42778100,20160926
2016-09-27,10.1899995803833,10.289999961853027,10.079999923706055,10.149999618530273,10.149999618530273,55523700,20160927
2016-09-28,10.300000190734863,10.819999694824219,10.119999885559082,10.649999618530273,10.649999618530273,93841600,20160928
2016-09-29,10.770000457763672,11.020000457763672,10.710000038146973,10.869999885559082,10.869999885559082,63255900,20160929
2016-09-30,10.970000267028809,11.020000457763672,10.880000114440918,10.930000305175781,10.930000305175781,43621300,20160930
2016-10-03,11.039999961853027,11.180000305175781,10.90999984741211,11.100000381469727,11.100000381469727,37672500,20161003
2016-10-04,11.180000305175781,11.199999809265137,11.039999961853027,11.09000015258789,11.09000015258789,58343500,20161004
2016-10-05,11.329999923706055,11.399999618530273,11.229999542236328,11.350000381469727,11.350000381469727,46603300,20161005
2016-10-06,11.470000267028809,11.539999961853027,11.380000114440918,11.510000228881836,11.510000228881836,42598800,20161006
2016-10-07,11.489999771118164,11.510000228881836,11.270000457763672,11.329999923706055,11.329999923706055,54470000,20161007
2016-10-10,11.529999732971191,11.770000457763672,11.520000457763672,11.670000076293945,11.670000076293945,51699700,20161010
2016-10-11,11.6899995803833,11.739999771118164,11.479999542236328,11.579999923706055,11.579999923706055,61357600,20161011
2016-10-12,11.460000038146973,11.489999771118164,11.359999656677246,11.430000305175781,11.430000305175781,46290300,20161012
2016-10-13,11.420000076293945,11.510000228881836,11.239999771118164,11.489999771118164,11.489999771118164,61376900,20161013
2016-10-14,11.5,11.510000228881836,11.350000381469727,11.4399995803833,11.4399995803833,53206600,20161014
2016-10-17,11.40999984741211,11.430000305175781,11.270000457763672,11.369999885559082,11.369999885559082,36033900,20161017
2016-10-18,11.479999542236328,11.5,11.319999694824219,11.449999809265137,11.449999809265137,37787100,20161018
2016-10-19,11.569999694824219,11.789999961853027,11.550000190734863,11.65999984741211,11.65999984741211,48222300,20161019
2016-10-20,11.489999771118164,11.539999961853027,11.390000343322754,11.430000305175781,11.430000305175781,45205200,20161020
2016-10-21,11.399999618530273,11.5,11.329999923706055,11.479999542236328,11.479999542236328,39657300,20161021
2016-10-24,11.350000381469727,11.4399995803833,11.199999809265137,11.430000305175781,11.430000305175781,50940300,20161024
2016-10-25,11.34000015258789,11.420000076293945,11.220000267028809,11.239999771118164,11.239999771118164,46612700,20161025
2016-10-26,11.069999694824219,11.3100004196167,11.029999732971191,11.09000015258789,11.09000015258789,57531500,20161026
2016-10-27,11.210000038146973,11.300000190734863,11.119999885559082,11.210000038146973,11.210000038146973,24672900,20161027
2016-10-28,11.100000381469727,11.229999542236328,10.930000305175781,11.010000228881836,11.010000228881836,28970400,20161028
2016-10-31,10.84000015258789,10.880000114440918,10.529999732971191,10.529999732971191,10.529999732971191,45276300,20161031
2016-11-01,10.649999618530273,10.6899995803833,10.430000305175781,10.569999694824219,10.569999694824219,34298900,20161101
2016-11-02,10.350000381469727,10.460000038146973,10.149999618530273,10.279999732971191,10.279999732971191,49610200,20161102
2016-11-03,10.239999771118164,10.270000457763672,10.020000457763672,10.079999923706055,10.079999923706055,39030600,20161103
2016-11-04,9.970000267028809,10.119999885559082,9.84000015258789,9.979999542236328,9.979999542236328,55960200,20161104
2016-11-07,10.0600004196167,10.15999984741211,9.960000038146973,10.15999984741211,10.15999984741211,34318700,20161107
2016-11-08,10.0600004196167,10.25,10.029999732971191,10.100000381469727,10.100000381469727,28975700,20161108
2016-11-09,10.140000343322754,10.369999885559082,10.039999961853027,10.279999732971191,10.279999732971191,40174100,20161109
2016-11-10,10.100000381469727,10.210000038146973,10.039999961853027,10.039999961853027,10.039999961853027,34036000,20161110
2016-11-11,9.880000114440918,9.899999618530273,9.739999771118164,9.770000457763672,9.770000457763672,48160800,20161111
2016-11-14,9.729999542236328,9.880000114440918,9.5600004196167,9.869999885559082,9.869999885559082,44721700,20161114
2016-11-15,10.079999923706055,10.399999618530273,10.079999923706055,10.34000015258789,10.34000015258789,61884700,20161115
2016-11-16,10.279999732971191,10.460000038146973,10.149999618530273,10.229999542236328,10.229999542236328,41035900,20161116
2016-11-17,10.4399995803833,10.479999542236328,10.119999885559082,10.130000114440918,10.130000114440918,40356100,20161117
2016-11-18,10.239999771118164,10.329999923706055,10.109999656677246,10.319999694824219,10.319999694824219,27769900,20161118
2016-11-21,10.600000381469727,10.789999961853027,10.5600004196167,10.770000457763672,10.770000457763672,42743200,20161121
2016-11-22,10.739999771118164,10.8100004196167,10.489999771118164,10.630000114440918,10.630000114440918,44315500,20161122
2016-11-23,10.600000381469727,10.770000457763672,10.5600004196167,10.670000076293945,10.670000076293945,25907100,20161123
2016-11-25,10.5,10.550000190734863,10.279999732971191,10.329999923706055,10.329999923706055,29733900,20161125
2016-11-28,10.470000267028809,10.600000381469727,10.350000381469727,10.4399995803833,10.4399995803833,58180100,20161128
2016-11-29,10.100000381469727,10.149999618530273,9.970000267028809,10.0600004196167,10.0600004196167,66923800,20161129
2016-11-30,10.0600004196167,11.100000381469727,10.0600004196167,10.930000305175781,10.930000305175781,110265700,20161130
2016-12-01,11.319999694824219,11.520000457763672,11.260000228881836,11.329999923706055,11.329999923706055,90865600,20161201
2016-12-02,11.399999618530273,11.510000228881836,11.319999694824219,11.479999542236328,11.479999542236328,38122300,20161202
2016-12-05,11.609999656677246,11.630000114440918,11.34000015258789,11.350000381469727,11.350000381469727,45355700,20161205
2016-12-06,11.220000267028809,11.350000381469727,11.180000305175781,11.289999961853027,11.289999961853027,30302200,20161206
2016-12-07,11.15999984741211,11.260000228881836,11.069999694824219,11.09000015258789,11.09000015258789,42365200,20161207
2016-12-08,11.149999618530273,11.3100004196167,11.079999923706055,11.3100004196167,11.3100004196167,32712100,20161208
2016-12-09,11.430000305175781,11.460000038146973,11.359999656677246,11.4399995803833,11.4399995803833,32887600,20161209
2016-12-12,11.899999618530273,11.9399995803833,11.579999923706055,11.619999885559082,11.619999885559082,52840100,20161212
2016-12-13,11.789999961853027,11.8100004196167,11.619999885559082,11.729999542236328,11.729999542236328,33284600,20161213
2016-12-14,11.59000015258789,11.729999542236328,11.300000190734863,11.319999694824219,11.319999694824219,40786600,20161214
2016-12-15,11.1899995803833,11.449999809265137,11.170000076293945,11.359999656677246,11.359999656677246,36588500,20161215
2016-12-16,11.4399995803833,11.579999923706055,11.399999618530273,11.550000190734863,11.550000190734863,32435200,20161216
2016-12-19,11.520000457763672,11.609999656677246,11.470000267028809,11.5,11.5,19235200,20161219
2016-12-20,11.670000076293945,11.720000267028809,11.579999923706055,11.619999885559082,11.619999885559082,19031900,20161220
2016-12-21,11.649999618530273,11.670000076293945,11.399999618530273,11.4399995803833,11.4399995803833,23070300,20161221
2016-12-22,11.5,11.59000015258789,11.460000038146973,11.460000038146973,11.460000038146973,18279200,20161222
2016-12-23,11.449999809265137,11.569999694824219,11.4399995803833,11.5600004196167,11.5600004196167,10548200,20161223
2016-12-27,11.640000343322754,11.789999961853027,11.640000343322754,11.729999542236328,11.729999542236328,14143300,20161227
2016-12-28,11.779999732971191,11.84000015258789,11.739999771118164,11.75,11.75,17743600,20161228
2016-12-29,11.75,11.8100004196167,11.680000305175781,11.720000267028809,11.720000267028809,16032300,20161229
2016-12-30,11.65999984741211,11.720000267028809,11.640000343322754,11.720000267028809,11.720000267028809,14844300,20161230
2017-01-03,11.979999542236328,12.0,11.359999656677246,11.4399995803833,11.4399995803833,36183500,20170103
2017-01-04,11.420000076293945,11.630000114440918,11.359999656677246,11.579999923706055,11.579999923706055,18067800,20170104
2017-01-05,11.6899995803833,11.789999961853027,11.510000228881836,11.699999809265137,11.699999809265137,21346700,20170105
2017-01-06,11.760000228881836,11.8100004196167,11.619999885559082,11.680000305175781,11.680000305175781,15279600,20170106
2017-01-09,11.520000457763672,11.529999732971191,11.300000190734863,11.3100004196167,11.3100004196167,20055400,20170109
2017-01-10,11.369999885559082,11.369999885559082,11.069999694824219,11.069999694824219,11.069999694824219,23861600,20170110
2017-01-11,11.210000038146973,11.479999542236328,11.0600004196167,11.369999885559082,11.369999885559082,32067000,20170111
2017-01-12,11.369999885559082,11.630000114440918,11.369999885559082,11.539999961853027,11.539999961853027,27338600,20170112
2017-01-13,11.449999809265137,11.529999732971191,11.369999885559082,11.40999984741211,11.40999984741211,15809600,20170113
2017-01-17,11.600000381469727,11.619999885559082,11.399999618530273,11.430000305175781,11.430000305175781,16927700,20170117
2017-01-18,11.1899995803833,11.369999885559082,11.079999923706055,11.15999984741211,11.15999984741211,30554400,20170118
2017-01-19,11.239999771118164,11.289999961853027,11.100000381469727,11.170000076293945,11.170000076293945,15742900,20170119
2017-01-20,11.449999809265137,11.5,11.369999885559082,11.390000343322754,11.390000343322754,26606900,20170120
2017-01-23,11.210000038146973,11.380000114440918,11.210000038146973,11.319999694824219,11.319999694824219,14650700,20170123
2017-01-24,11.369999885559082,11.479999542236328,11.359999656677246,11.369999885559082,11.369999885559082,15367200,20170124
2017-01-25,11.300000190734863,11.460000038146973,11.270000457763672,11.3100004196167,11.3100004196167,19089800,20170125
2017-01-26,11.4399995803833,11.579999923706055,11.420000076293945,11.529999732971191,11.529999732971191,21535500,20170126
2017-01-27,11.399999618530273,11.4399995803833,11.270000457763672,11.399999618530273,11.399999618530273,19895300,20170127
2017-01-30,11.350000381469727,11.350000381469727,11.229999542236328,11.279999732971191,11.279999732971191,16441600,20170130
2017-01-31,11.399999618530273,11.479999542236328,11.279999732971191,11.319999694824219,11.319999694824219,19187000,20170131
2017-02-01,11.420000076293945,11.550000190734863,11.329999923706055,11.479999542236328,11.479999542236328,20131300,20170201
2017-02-02,11.569999694824219,11.59000015258789,11.430000305175781,11.510000228881836,11.510000228881836,19759600,20170202
2017-02-03,11.489999771118164,11.619999885559082,11.460000038146973,11.539999961853027,11.539999961853027,20923400,20170203
2017-02-06,11.520000457763672,11.539999961853027,11.34000015258789,11.380000114440918,11.380000114440918,24406200,20170206
2017-02-07,11.210000038146973,11.229999542236328,11.109999656677246,11.1899995803833,11.1899995803833,38093500,20170207
2017-02-08,11.109999656677246,11.279999732971191,11.039999961853027,11.229999542236328,11.229999542236328,27492100,20170208
2017-02-09,11.229999542236328,11.390000343322754,11.229999542236328,11.350000381469727,11.350000381469727,20406900,20170209
2017-02-10,11.529999732971191,11.579999923706055,11.479999542236328,11.5,11.5,26622800,20170210
2017-02-13,11.369999885559082,11.399999618530273,11.300000190734863,11.319999694824219,11.319999694824219,20504000,20170213
2017-02-14,11.479999542236328,11.489999771118164,11.350000381469727,11.380000114440918,11.380000114440918,18470900,20170214
2017-02-15,11.329999923706055,11.449999809265137,11.319999694824219,11.359999656677246,11.359999656677246,19615800,20170215
2017-02-16,11.4399995803833,11.449999809265137,11.270000457763672,11.40999984741211,11.40999984741211,13772400,20170216
2017-02-17,11.319999694824219,11.420000076293945,11.3100004196167,11.390000343322754,11.390000343322754,13810200,20170217
2017-02-21,11.630000114440918,11.640000343322754,11.510000228881836,11.539999961853027,11.539999961853027,25221400,20170221
2017-02-22,11.380000114440918,11.399999618530273,11.319999694824219,11.359999656677246,11.359999656677246,18527400,20170222
2017-02-23,11.609999656677246,11.649999618530273,11.5,11.529999732971191,11.529999732971191,19254600,20170223
2017-02-24,11.4399995803833,11.510000228881836,11.4399995803833,11.460000038146973,11.460000038146973,11322100,20170224
2017-02-27,11.5600004196167,11.569999694824219,11.449999809265137,11.470000267028809,11.470000267028809,10362500,20170227
2017-02-28,11.359999656677246,11.470000267028809,11.279999732971191,11.449999809265137,11.449999809265137,16896500,20170228
2017-03-01,11.510000228881836,11.550000190734863,11.399999618530273,11.399999618530273,11.399999618530273,14578500,20170301
2017-03-02,11.210000038146973,11.300000190734863,11.149999618530273,11.170000076293945,11.170000076293945,21734400,20170302
2017-03-03,11.1899995803833,11.329999923706055,11.180000305175781,11.289999961853027,11.289999961853027,14425600,20170303
2017-03-06,11.319999694824219,11.359999656677246,11.239999771118164,11.279999732971191,11.279999732971191,15630400,20170306
2017-03-07,11.380000114440918,11.390000343322754,11.260000228881836,11.270000457763672,11.270000457763672,10927500,20170307
2017-03-08,11.109999656677246,11.220000267028809,10.619999885559082,10.670000076293945,10.670000076293945,65761200,20170308
2017-03-09,10.569999694824219,10.59000015258789,10.319999694824219,10.529999732971191,10.529999732971191,48216300,20170309
2017-03-10,10.520000457763672,10.520000457763672,10.25,10.289999961853027,10.289999961853027,43623400,20170310
2017-03-13,10.289999961853027,10.34000015258789,10.220000267028809,10.279999732971191,10.279999732971191,41080000,20170313
2017-03-14,10.109999656677246,10.210000038146973,10.020000457763672,10.1899995803833,10.1899995803833,43678900,20170314
2017-03-15,10.3100004196167,10.40999984741211,10.239999771118164,10.380000114440918,10.380000114440918,34094800,20170315
2017-03-16,10.390000343322754,10.399999618530273,10.289999961853027,10.359999656677246,10.359999656677246,22429000,20170316
2017-03-17,10.420000076293945,10.430000305175781,10.319999694824219,10.329999923706055,10.329999923706055,17883700,20170317
2017-03-20,10.260000228881836,10.359999656677246,10.220000267028809,10.270000457763672,10.270000457763672,13767800,20170320
2017-03-21,10.300000190734863,10.329999923706055,10.069999694824219,10.109999656677246,10.109999656677246,24905200,20170321
2017-03-22,10.020000457763672,10.140000343322754,9.880000114440918,10.119999885559082,10.119999885559082,22442800,20170322
2017-03-23,10.039999961853027,10.069999694824219,9.989999771118164,10.010000228881836,10.010000228881836,18601100,20170323
2017-03-24,10.050000190734863,10.100000381469727,9.979999542236328,10.09000015258789,10.09000015258789,16115000,20170324
2017-03-27,9.930000305175781,10.050000190734863,9.880000114440918,10.039999961853027,10.039999961853027,22504200,20170327
2017-03-28,10.109999656677246,10.229999542236328,10.09000015258789,10.149999618530273,10.149999618530273,17808800,20170328
2017-03-29,10.180000305175781,10.399999618530273,10.170000076293945,10.369999885559082,10.369999885559082,23155500,20170329
2017-03-30,10.470000267028809,10.59000015258789,10.4399995803833,10.569999694824219,10.569999694824219,28570800,20170330
2017-03-31,10.520000457763672,10.65999984741211,10.510000228881836,10.640000343322754,10.640000343322754,19430600,20170331
2017-04-03,10.619999885559082,10.630000114440918,10.520000457763672,10.550000190734863,10.550000190734863,16796100,20170403
2017-04-04,10.630000114440918,10.739999771118164,10.59000015258789,10.710000038146973,10.710000038146973,24385600,20170404
2017-04-05,10.84000015258789,10.890000343322754,10.649999618530273,10.680000305175781,10.680000305175781,28988000,20170405
2017-04-06,10.819999694824219,10.880000114440918,10.800000190734863,10.859999656677246,10.859999656677246,21920900,20170406
2017-04-07,10.890000343322754,10.970000267028809,10.869999885559082,10.960000038146973,10.960000038146973,19212800,20170407
2017-04-10,11.069999694824219,11.140000343322754,11.039999961853027,11.140000343322754,11.140000343322754,22166500,20170410
2017-04-11,11.130000114440918,11.210000038146973,11.0600004196167,11.170000076293945,11.170000076293945,24549100,20170411
2017-04-12,11.239999771118164,11.260000228881836,11.079999923706055,11.109999656677246,11.109999656677246,25773000,20170412
2017-04-13,11.180000305175781,11.199999809265137,11.100000381469727,11.130000114440918,11.130000114440918,17369800,20170413
2017-04-17,11.130000114440918,11.149999618530273,11.039999961853027,11.0600004196167,11.0600004196167,14853400,20170417
2017-04-18,11.0,11.100000381469727,10.9399995803833,11.039999961853027,11.039999961853027,14503600,20170418
2017-04-19,11.029999732971191,11.050000190734863,10.520000457763672,10.619999885559082,10.619999885559082,50463000,20170419
2017-04-20,10.579999923706055,10.680000305175781,10.520000457763672,10.539999961853027,10.539999961853027,29358300,20170420
2017-04-21,10.550000190734863,10.550000190734863,10.25,10.319999694824219,10.319999694824219,38664800,20170421
2017-04-24,10.289999961853027,10.3100004196167,10.210000038146973,10.25,10.25,27837300,20170424
2017-04-25,10.25,10.380000114440918,10.180000305175781,10.359999656677246,10.359999656677246,23694300,20170425
2017-04-26,10.239999771118164,10.460000038146973,10.220000267028809,10.260000228881836,10.260000228881836,26806700,20170426
2017-04-27,10.130000114440918,10.260000228881836,10.039999961853027,10.239999771118164,10.239999771118164,34004000,20170427
2017-04-28,10.289999961853027,10.329999923706055,10.170000076293945,10.239999771118164,10.239999771118164,15798000,20170428
2017-05-01,10.1899995803833,10.210000038146973,10.119999885559082,10.149999618530273,10.149999618530273,16116300,20170501
2017-05-02,10.170000076293945,10.170000076293945,9.859999656677246,9.920000076293945,9.920000076293945,44146300,20170502
2017-05-03,9.960000038146973,10.010000228881836,9.859999656677246,9.930000305175781,9.930000305175781,36540400,20170503
2017-05-04,9.75,9.760000228881836,9.430000305175781,9.460000038146973,9.460000038146973,70243500,20170504
2017-05-05,9.470000267028809,9.720000267028809,9.470000267028809,9.65999984741211,9.65999984741211,35582100,20170505
2017-05-08,9.649999618530273,9.75,9.529999732971191,9.670000076293945,9.670000076293945,30537500,20170508
2017-05-09,9.640000343322754,9.670000076293945,9.479999542236328,9.569999694824219,9.569999694824219,20430200,20170509
2017-05-10,9.699999809265137,9.949999809265137,9.680000305175781,9.859999656677246,9.859999656677246,33397600,20170510
2017-05-11,9.989999771118164,10.039999961853027,9.899999618530273,9.9399995803833,9.9399995803833,19372200,20170511
2017-05-12,9.970000267028809,9.979999542236328,9.850000381469727,9.949999809265137,9.949999809265137,19435600,20170512
2017-05-15,10.270000457763672,10.279999732971191,10.130000114440918,10.170000076293945,10.170000076293945,36712500,20170515
2017-05-16,10.220000267028809,10.260000228881836,10.09000015258789,10.109999656677246,10.109999656677246,16824900,20170516
2017-05-17,10.1899995803833,10.289999961853027,10.100000381469727,10.1899995803833,10.1899995803833,27053700,20170517
2017-05-18,10.130000114440918,10.3100004196167,10.09000015258789,10.260000228881836,10.260000228881836,21291700,20170518
2017-05-19,10.399999618530273,10.489999771118164,10.380000114440918,10.479999542236328,10.479999542236328,24768200,20170519
2017-05-22,10.550000190734863,10.600000381469727,10.5,10.539999961853027,10.539999961853027,24494100,20170522
2017-05-23,10.579999923706055,10.649999618530273,10.539999961853027,10.640000343322754,10.640000343322754,26251000,20170523
2017-05-24,10.619999885559082,10.699999809265137,10.539999961853027,10.600000381469727,10.600000381469727,32217200,20170524
2017-05-25,10.5,10.579999923706055,10.010000228881836,10.039999961853027,10.039999961853027,83813000,20170525
2017-05-26,10.140000343322754,10.300000190734863,10.09000015258789,10.279999732971191,10.279999732971191,31424500,20170526
2017-05-30,10.170000076293945,10.300000190734863,10.130000114440918,10.239999771118164,10.239999771118164,15950800,20170530
2017-05-31,9.989999771118164,10.050000190734863,9.859999656677246,9.960000038146973,9.960000038146973,33314100,20170531
2017-06-01,10.010000228881836,10.15999984741211,9.90999984741211,9.90999984741211,9.90999984741211,30181300,20170601
2017-06-02,9.829999923706055,9.930000305175781,9.729999542236328,9.859999656677246,9.859999656677246,30743200,20170602
2017-06-05,9.720000267028809,9.819999694824219,9.680000305175781,9.800000190734863,9.800000190734863,28136700,20170605
2017-06-06,9.739999771118164,9.989999771118164,9.729999542236328,9.970000267028809,9.970000267028809,26368100,20170606
2017-06-07,9.84000015258789,9.880000114440918,9.4399995803833,9.460000038146973,9.460000038146973,58698800,20170607
2017-06-08,9.399999618530273,9.529999732971191,9.369999885559082,9.430000305175781,9.430000305175781,39626600,20170608
2017-06-09,9.4399995803833,9.550000190734863,9.40999984741211,9.489999771118164,9.489999771118164,25624700,20170609
2017-06-12,9.609999656677246,9.649999618530273,9.510000228881836,9.520000457763672,9.520000457763672,25478800,20170612
2017-06-13,9.510000228881836,9.619999885559082,9.40999984741211,9.600000381469727,9.600000381469727,25996700,20170613
2017-06-14,9.539999961853027,9.59000015258789,9.199999809265137,9.229999542236328,9.229999542236328,60687800,20170614
2017-06-15,9.220000267028809,9.239999771118164,9.15999984741211,9.180000305175781,9.180000305175781,31606500,20170615
2017-06-16,9.260000228881836,9.270000457763672,9.199999809265137,9.239999771118164,9.239999771118164,21403800,20170616
2017-06-19,9.270000457763672,9.300000190734863,9.109999656677246,9.119999885559082,9.119999885559082,25802300,20170619
2017-06-20,8.930000305175781,8.970000267028809,8.829999923706055,8.949999809265137,8.949999809265137,48635000,20170620
2017-06-21,8.970000267028809,9.079999923706055,8.649999618530273,8.710000038146973,8.710000038146973,61198200,20170621
2017-06-22,8.800000190734863,8.90999984741211,8.770000457763672,8.779999732971191,8.779999732971191,31594100,20170622
2017-06-23,8.800000190734863,8.890000343322754,8.75,8.859999656677246,8.859999656677246,31028400,20170623
2017-06-26,8.880000114440918,8.960000038146973,8.770000457763672,8.930000305175781,8.930000305175781,37263000,20170626
2017-06-27,8.989999771118164,9.140000343322754,8.979999542236328,9.100000381469727,9.100000381469727,29140000,20170627
2017-06-28,9.100000381469727,9.220000267028809,9.029999732971191,9.199999809265137,9.199999809265137,29368000,20170628
2017-06-29,9.270000457763672,9.34000015258789,9.180000305175781,9.210000038146973,9.210000038146973,31259000,20170629
2017-06-30,9.319999694824219,9.5,9.289999961853027,9.5,9.5,32678800,20170630
2017-07-03,9.550000190734863,9.630000114440918,9.539999961853027,9.619999885559082,9.619999885559082,20200800,20170703
2017-07-05,9.5600004196167,9.579999923706055,9.229999542236328,9.25,9.25,68182000,20170705
2017-07-06,9.4399995803833,9.5600004196167,9.289999961853027,9.3100004196167,9.3100004196167,41881900,20170706
2017-07-07,9.1899995803833,9.199999809265137,9.0,9.100000381469727,9.100000381469727,43291300,20170707
2017-07-10,9.039999961853027,9.220000267028809,9.020000457763672,9.130000114440918,9.130000114440918,27664400,20170710
2017-07-11,9.109999656677246,9.3100004196167,9.079999923706055,9.270000457763672,9.270000457763672,24638500,20170711
2017-07-12,9.460000038146973,9.550000190734863,9.270000457763672,9.329999923706055,9.329999923706055,38201300,20170712
2017-07-13,9.390000343322754,9.5,9.359999656677246,9.470000267028809,9.470000267028809,20580600,20170713
2017-07-14,9.529999732971191,9.609999656677246,9.479999542236328,9.59000015258789,9.59000015258789,24820300,20170714
2017-07-17,9.539999961853027,9.600000381469727,9.449999809265137,9.449999809265137,9.449999809265137,25032500,20170717
2017-07-18,9.600000381469727,9.609999656677246,9.470000267028809,9.539999961853027,9.539999961853027,26992800,20170718
2017-07-19,9.569999694824219,9.720000267028809,9.569999694824219,9.6899995803833,9.6899995803833,25576700,20170719
2017-07-20,9.770000457763672,9.779999732971191,9.579999923706055,9.609999656677246,9.609999656677246,20593500,20170720
2017-07-21,9.5600004196167,9.569999694824219,9.319999694824219,9.34000015258789,9.34000015258789,37452800,20170721
2017-07-24,9.470000267028809,9.520000457763672,9.4399995803833,9.5,9.5,19736600,20170724
2017-07-25,9.6899995803833,9.819999694824219,9.649999618530273,9.8100004196167,9.8100004196167,27615000,20170725
2017-07-26,9.899999618530273,10.010000228881836,9.800000190734863,9.960000038146973,9.960000038146973,38918300,20170726
2017-07-27,10.029999732971191,10.079999923706055,9.930000305175781,10.0600004196167,10.0600004196167,26971000,20170727
2017-07-28,10.09000015258789,10.199999809265137,10.079999923706055,10.170000076293945,10.170000076293945,33308000,20170728
2017-07-31,10.149999618530273,10.319999694824219,10.069999694824219,10.279999732971191,10.279999732971191,32549200,20170731
2017-08-01,10.170000076293945,10.180000305175781,9.899999618530273,10.09000015258789,10.09000015258789,41539700,20170801
2017-08-02,10.069999694824219,10.170000076293945,9.949999809265137,10.140000343322754,10.140000343322754,27049600,20170802
2017-08-03,10.210000038146973,10.229999542236328,9.989999771118164,10.020000457763672,10.020000457763672,23288000,20170803
2017-08-04,10.050000190734863,10.15999984741211,9.970000267028809,10.130000114440918,10.130000114440918,17626300,20170804
2017-08-07,10.020000457763672,10.119999885559082,9.9399995803833,10.100000381469727,10.100000381469727,19825500,20170807
2017-08-08,10.029999732971191,10.149999618530273,10.010000228881836,10.0600004196167,10.0600004196167,23435400,20170808
2017-08-09,10.119999885559082,10.149999618530273,10.039999961853027,10.149999618530273,10.149999618530273,17346600,20170809
2017-08-10,10.239999771118164,10.25,9.899999618530273,9.90999984741211,9.90999984741211,24936600,20170810
2017-08-11,9.880000114440918,10.029999732971191,9.829999923706055,9.989999771118164,9.989999771118164,14900200,20170811
2017-08-14,9.979999542236328,10.0600004196167,9.710000038146973,9.720000267028809,9.720000267028809,25130200,20170814
2017-08-15,9.65999984741211,9.760000228881836,9.630000114440918,9.75,9.75,19875800,20170815
2017-08-16,9.770000457763672,9.850000381469727,9.5600004196167,9.569999694824219,9.569999694824219,37689700,20170816
2017-08-17,9.539999961853027,9.65999984741211,9.520000457763672,9.619999885559082,9.619999885559082,15970800,20170817
2017-08-18,9.65999984741211,9.979999542236328,9.59000015258789,9.970000267028809,9.970000267028809,30468000,20170818
2017-08-21,9.869999885559082,9.90999984741211,9.640000343322754,9.710000038146973,9.710000038146973,30279000,20170821
2017-08-22,9.760000228881836,9.84000015258789,9.720000267028809,9.770000457763672,9.770000457763672,14248600,20170822
2017-08-23,9.760000228881836,9.899999618530273,9.729999542236328,9.880000114440918,9.880000114440918,16572400,20170823
2017-08-24,9.789999961853027,9.800000190734863,9.609999656677246,9.710000038146973,9.710000038146973,18166700,20170824
2017-08-25,9.710000038146973,9.779999732971191,9.6899995803833,9.75,9.75,15187500,20170825
2017-08-28,9.6899995803833,9.699999809265137,9.420000076293945,9.529999732971191,9.529999732971191,32482400,20170828
2017-08-29,9.479999542236328,9.5,9.34000015258789,9.460000038146973,9.460000038146973,19661000,20170829
2017-08-30,9.399999618530273,9.539999961853027,9.359999656677246,9.380000114440918,9.380000114440918,18890600,20170830
2017-08-31,9.489999771118164,9.6899995803833,9.489999771118164,9.630000114440918,9.630000114440918,25509700,20170831
2017-09-01,9.600000381469727,9.670000076293945,9.510000228881836,9.670000076293945,9.670000076293945,16012300,20170901
2017-09-05,9.90999984741211,10.0,9.890000343322754,9.920000076293945,9.920000076293945,24644300,20170905
2017-09-06,10.020000457763672,10.09000015258789,9.960000038146973,10.039999961853027,10.039999961853027,20626800,20170906
2017-09-07,9.979999542236328,10.0600004196167,9.960000038146973,10.029999732971191,10.029999732971191,20804800,20170907
2017-09-08,9.989999771118164,10.020000457763672,9.65999984741211,9.729999542236328,9.729999542236328,24078300,20170908
2017-09-11,9.65999984741211,9.859999656677246,9.609999656677246,9.819999694824219,9.819999694824219,16411100,20170911
2017-09-12,9.829999923706055,9.890000343322754,9.800000190734863,9.869999885559082,9.869999885559082,14170300,20170912
2017-09-13,9.920000076293945,10.069999694824219,9.890000343322754,10.069999694824219,10.069999694824219,22545000,20170913
2017-09-14,10.170000076293945,10.279999732971191,10.109999656677246,10.130000114440918,10.130000114440918,25561000,20170914
2017-09-15,10.1899995803833,10.220000267028809,10.140000343322754,10.199999809265137,10.199999809265137,16084400,20170915
2017-09-18,10.140000343322754,10.199999809265137,10.039999961853027,10.170000076293945,10.170000076293945,18930500,20170918
2017-09-19,10.220000267028809,10.239999771118164,10.050000190734863,10.109999656677246,10.109999656677246,15231800,20170919
2017-09-20,10.1899995803833,10.329999923706055,10.130000114440918,10.239999771118164,10.239999771118164,23015500,20170920
2017-09-21,10.180000305175781,10.260000228881836,10.130000114440918,10.25,10.25,11603300,20170921
2017-09-22,10.199999809265137,10.260000228881836,10.180000305175781,10.239999771118164,10.239999771118164,13084800,20170922
2017-09-25,10.34000015258789,10.5600004196167,10.34000015258789,10.550000190734863,10.550000190734863,29848200,20170925
2017-09-26,10.460000038146973,10.510000228881836,10.390000343322754,10.489999771118164,10.489999771118164,14392000,20170926
2017-09-27,10.520000457763672,10.5600004196167,10.4399995803833,10.520000457763672,10.520000457763672,16026500,20170927
2017-09-28,10.630000114440918,10.649999618530273,10.350000381469727,10.430000305175781,10.430000305175781,18687200,20170928
2017-09-29,10.390000343322754,10.460000038146973,10.359999656677246,10.430000305175781,10.430000305175781,13117200,20170929
2017-10-02,10.170000076293945,10.229999542236328,10.119999885559082,10.210000038146973,10.210000038146973,17721000,20171002
2017-10-03,10.210000038146973,10.25,10.15999984741211,10.180000305175781,10.180000305175781,11278900,20171003
2017-10-04,10.180000305175781,10.239999771118164,10.0600004196167,10.079999923706055,10.079999923706055,13078000,20171004
2017-10-05,10.140000343322754,10.350000381469727,10.130000114440918,10.25,10.25,12987400,20171005
2017-10-06,10.010000228881836,10.020000457763672,9.920000076293945,9.970000267028809,9.970000267028809,23509600,20171006
2017-10-09,10.029999732971191,10.0600004196167,9.960000038146973,10.0,10.0,10976300,20171009
2017-10-10,10.199999809265137,10.319999694824219,10.1899995803833,10.279999732971191,10.279999732971191,15506600,20171010
2017-10-11,10.3100004196167,10.369999885559082,10.220000267028809,10.359999656677246,10.359999656677246,13904300,20171011
2017-10-12,10.170000076293945,10.289999961853027,10.130000114440918,10.229999542236328,10.229999542236328,15218500,20171012
2017-10-13,10.380000114440918,10.399999618530273,10.289999961853027,10.369999885559082,10.369999885559082,18411900,20171013
2017-10-16,10.529999732971191,10.539999961853027,10.420000076293945,10.460000038146973,10.460000038146973,16045700,20171016
2017-10-17,10.470000267028809,10.529999732971191,10.329999923706055,10.489999771118164,10.489999771118164,16405100,20171017
2017-10-18,10.510000228881836,10.550000190734863,10.430000305175781,10.479999542236328,10.479999542236328,13461900,20171018
2017-10-19,10.34000015258789,10.420000076293945,10.319999694824219,10.350000381469727,10.350000381469727,11579100,20171019
2017-10-20,10.289999961853027,10.4399995803833,10.289999961853027,10.430000305175781,10.430000305175781,11985300,20171020
2017-10-23,10.470000267028809,10.489999771118164,10.369999885559082,10.420000076293945,10.420000076293945,11346200,20171023
2017-10-24,10.479999542236328,10.550000190734863,10.390000343322754,10.539999961853027,10.539999961853027,18370700,20171024
2017-10-25,10.479999542236328,10.520000457763672,10.420000076293945,10.479999542236328,10.479999542236328,17233000,20171025
2017-10-26,10.449999809265137,10.579999923706055,10.430000305175781,10.569999694824219,10.569999694824219,15344000,20171026
2017-10-27,10.5600004196167,10.850000381469727,10.550000190734863,10.84000015258789,10.84000015258789,24699000,20171027
2017-10-30,10.5600004196167,10.930000305175781,10.5600004196167,10.869999885559082,10.869999885559082,12586400,20171030
2017-10-31,10.850000381469727,10.960000038146973,10.829999923706055,10.930000305175781,10.930000305175781,14033200,20171031
2017-11-01,11.029999732971191,11.0600004196167,10.819999694824219,10.899999618530273,10.899999618530273,21152000,20171101
2017-11-02,10.899999618530273,11.010000228881836,10.869999885559082,10.989999771118164,10.989999771118164,10079300,20171102
2017-11-03,11.0,11.199999809265137,10.930000305175781,11.180000305175781,11.180000305175781,18851200,20171103
2017-11-06,11.1899995803833,11.569999694824219,11.170000076293945,11.510000228881836,11.510000228881836,30754200,20171106
2017-11-07,11.470000267028809,11.529999732971191,11.420000076293945,11.489999771118164,11.489999771118164,17894800,20171107
2017-11-08,11.4399995803833,11.630000114440918,11.329999923706055,11.40999984741211,11.40999984741211,37214600,20171108
2017-11-09,11.420000076293945,11.550000190734863,11.399999618530273,11.460000038146973,11.460000038146973,19683700,20171109
2017-11-10,11.479999542236328,11.520000457763672,11.359999656677246,11.420000076293945,11.420000076293945,11713000,20171110
2017-11-13,11.420000076293945,11.479999542236328,11.3100004196167,11.380000114440918,11.380000114440918,13898500,20171113
2017-11-14,11.350000381469727,11.359999656677246,11.079999923706055,11.130000114440918,11.130000114440918,21526500,20171114
2017-11-15,11.079999923706055,11.149999618530273,11.020000457763672,11.09000015258789,11.09000015258789,13776500,20171115
2017-11-16,11.069999694824219,11.170000076293945,11.029999732971191,11.069999694824219,11.069999694824219,12232000,20171116
2017-11-17,11.210000038146973,11.359999656677246,11.199999809265137,11.350000381469727,11.350000381469727,16387200,20171117
2017-11-20,11.270000457763672,11.289999961853027,11.149999618530273,11.279999732971191,11.279999732971191,11438000,20171120
2017-11-21,11.300000190734863,11.449999809265137,11.300000190734863,11.399999618530273,11.399999618530273,12239300,20171121
2017-11-22,11.550000190734863,11.619999885559082,11.470000267028809,11.600000381469727,11.600000381469727,17969300,20171122
2017-11-24,11.739999771118164,11.789999961853027,11.699999809265137,11.789999961853027,11.789999961853027,9394100,20171124
2017-11-27,11.649999618530273,11.680000305175781,11.510000228881836,11.59000015258789,11.59000015258789,13886000,20171127
2017-11-28,11.5600004196167,11.630000114440918,11.529999732971191,11.579999923706055,11.579999923706055,8109500,20171128
2017-11-29,11.579999923706055,11.65999984741211,11.359999656677246,11.470000267028809,11.470000267028809,16093700,20171129
2017-11-30,11.550000190734863,11.579999923706055,11.369999885559082,11.470000267028809,11.470000267028809,17819100,20171130
2017-12-01,11.649999618530273,11.779999732971191,11.600000381469727,11.670000076293945,11.670000076293945,14145200,20171201
2017-12-04,11.539999961853027,11.579999923706055,11.470000267028809,11.489999771118164,11.489999771118164,12187700,20171204
2017-12-05,11.470000267028809,11.59000015258789,11.460000038146973,11.539999961853027,11.539999961853027,12914400,20171205
2017-12-06,11.399999618530273,11.40999984741211,11.180000305175781,11.199999809265137,11.199999809265137,19389000,20171206
2017-12-07,11.270000457763672,11.359999656677246,11.260000228881836,11.329999923706055,11.329999923706055,9103400,20171207
2017-12-08,11.520000457763672,11.550000190734863,11.399999618530273,11.489999771118164,11.489999771118164,9426600,20171208
2017-12-11,11.539999961853027,11.609999656677246,11.5,11.600000381469727,11.600000381469727,14382900,20171211
2017-12-12,11.640000343322754,11.640000343322754,11.369999885559082,11.4399995803833,11.4399995803833,24854900,20171212
2017-12-13,11.460000038146973,11.479999542236328,11.300000190734863,11.329999923706055,11.329999923706055,18213100,20171213
2017-12-14,11.220000267028809,11.430000305175781,11.210000038146973,11.430000305175781,11.430000305175781,9073200,20171214
2017-12-15,11.470000267028809,11.489999771118164,11.399999618530273,11.460000038146973,11.460000038146973,9608500,20171215
2017-12-18,11.5,11.529999732971191,11.369999885559082,11.4399995803833,11.4399995803833,13068000,20171218
2017-12-19,11.479999542236328,11.510000228881836,11.449999809265137,11.510000228881836,11.510000228881836,6849100,20171219
2017-12-20,11.539999961853027,11.619999885559082,11.479999542236328,11.609999656677246,11.609999656677246,10117800,20171220
2017-12-21,11.539999961853027,11.670000076293945,11.520000457763672,11.640000343322754,11.640000343322754,11135600,20171221
2017-12-22,11.579999923706055,11.6899995803833,11.579999923706055,11.65999984741211,11.65999984741211,6591400,20171222
2017-12-26,11.729999542236328,11.989999771118164,11.720000267028809,11.949999809265137,11.949999809265137,17599000,20171226
2017-12-27,11.930000305175781,11.960000038146973,11.869999885559082,11.920000076293945,11.920000076293945,8270200,20171227
2017-12-28,11.90999984741211,11.979999542236328,11.880000114440918,11.970000267028809,11.970000267028809,12368100,20171228
2017-12-29,12.020000457763672,12.09000015258789,11.979999542236328,12.010000228881836,12.010000228881836,11801900,20171229
2018-01-02,12.069999694824219,12.100000381469727,12.010000228881836,12.069999694824219,12.069999694824219,11980700,20180102
2018-01-03,12.170000076293945,12.359999656677246,12.170000076293945,12.34000015258789,12.34000015258789,17249200,20180103
2018-01-04,12.329999923706055,12.420000076293945,12.3100004196167,12.369999885559082,12.369999885559082,11847900,20180104
2018-01-05,12.279999732971191,12.329999923706055,12.210000038146973,12.3100004196167,12.3100004196167,12879100,20180105
2018-01-08,12.3100004196167,12.380000114440918,12.270000457763672,12.380000114440918,12.380000114440918,9833800,20180108
2018-01-09,12.40999984741211,12.640000343322754,12.369999885559082,12.569999694824219,12.569999694824219,21329200,20180109
2018-01-10,12.670000076293945,12.710000038146973,12.600000381469727,12.680000305175781,12.680000305175781,14572400,20180110
2018-01-11,12.760000228881836,12.920000076293945,12.699999809265137,12.699999809265137,12.699999809265137,20632800,20180111
2018-01-12,12.680000305175781,12.890000343322754,12.649999618530273,12.869999885559082,12.869999885559082,22801600,20180112
2018-01-16,12.8100004196167,12.859999656677246,12.680000305175781,12.760000228881836,12.760000228881836,18222800,20180116
2018-01-17,12.729999542236328,12.84000015258789,12.710000038146973,12.779999732971191,12.779999732971191,15936200,20180117
2018-01-18,12.75,12.850000381469727,12.699999809265137,12.760000228881836,12.760000228881836,16605700,20180118
2018-01-19,12.680000305175781,12.739999771118164,12.609999656677246,12.720000267028809,12.720000267028809,17345400,20180119
2018-01-22,12.680000305175781,12.84000015258789,12.630000114440918,12.779999732971191,12.779999732971191,14929800,20180122
2018-01-23,12.84000015258789,12.989999771118164,12.829999923706055,12.970000267028809,12.970000267028809,16617900,20180123
2018-01-24,12.9399995803833,13.229999542236328,12.90999984741211,13.220000267028809,13.220000267028809,26137800,20180124
2018-01-25,13.279999732971191,13.300000190734863,13.029999732971191,13.0600004196167,13.0600004196167,16774400,20180125
2018-01-26,13.109999656677246,13.289999961853027,13.100000381469727,13.239999771118164,13.239999771118164,31775900,20180126
2018-01-29,13.109999656677246,13.149999618530273,13.010000228881836,13.109999656677246,13.109999656677246,15828900,20180129
2018-01-30,12.9399995803833,12.949999809265137,12.84000015258789,12.899999618530273,12.899999618530273,34429400,20180130
2018-01-31,12.90999984741211,13.010000228881836,12.789999961853027,12.979999542236328,12.979999542236328,19696100,20180131
2018-02-01,13.079999923706055,13.260000228881836,13.029999732971191,13.239999771118164,13.239999771118164,20074200,20180201
2018-02-02,13.119999885559082,13.170000076293945,12.920000076293945,13.039999961853027,13.039999961853027,28757500,20180202
2018-02-05,13.029999732971191,13.069999694824219,12.729999542236328,12.770000457763672,12.770000457763672,30728600,20180205
2018-02-06,12.699999809265137,12.880000114440918,12.670000076293945,12.699999809265137,12.699999809265137,23636300,20180206
2018-02-07,12.720000267028809,12.8100004196167,12.279999732971191,12.369999885559082,12.369999885559082,36909300,20180207
2018-02-08,12.420000076293945,12.4399995803833,12.079999923706055,12.09000015258789,12.09000015258789,27259500,20180208
2018-02-09,12.109999656677246,12.140000343322754,11.649999618530273,11.859999656677246,11.859999656677246,43183100,20180209
2018-02-12,11.979999542236328,12.100000381469727,11.869999885559082,11.890000343322754,11.890000343322754,16312100,20180212
2018-02-13,11.789999961853027,11.930000305175781,11.710000038146973,11.869999885559082,11.869999885559082,18982100,20180213
2018-02-14,11.729999542236328,12.229999542236328,11.6899995803833,12.180000305175781,12.180000305175781,35759100,20180214
2018-02-15,12.09000015258789,12.359999656677246,11.989999771118164,12.329999923706055,12.329999923706055,19248300,20180215
2018-02-16,12.270000457763672,12.4399995803833,12.220000267028809,12.380000114440918,12.380000114440918,17782500,20180216
2018-02-20,12.420000076293945,12.5600004196167,12.350000381469727,12.390000343322754,12.390000343322754,21757900,20180220
2018-02-21,12.329999923706055,12.4399995803833,12.279999732971191,12.289999961853027,12.289999961853027,11380400,20180221
2018-02-22,12.460000038146973,12.6899995803833,12.380000114440918,12.59000015258789,12.59000015258789,19294700,20180222
2018-02-23,12.609999656677246,12.819999694824219,12.600000381469727,12.770000457763672,12.770000457763672,18401000,20180223
2018-02-26,12.729999542236328,12.920000076293945,12.680000305175781,12.859999656677246,12.859999656677246,13987400,20180226
2018-02-27,12.84000015258789,12.850000381469727,12.609999656677246,12.649999618530273,12.649999618530273,17031600,20180227
2018-02-28,12.710000038146973,12.760000228881836,12.34000015258789,12.369999885559082,12.369999885559082,27806400,20180228
2018-03-01,12.260000228881836,12.380000114440918,12.109999656677246,12.350000381469727,12.350000381469727,25910900,20180301
2018-03-02,12.220000267028809,12.369999885559082,12.100000381469727,12.369999885559082,12.369999885559082,18037700,20180302
2018-03-05,12.329999923706055,12.630000114440918,12.319999694824219,12.59000015258789,12.59000015258789,19666800,20180305
2018-03-06,12.619999885559082,12.640000343322754,12.510000228881836,12.569999694824219,12.569999694824219,18055900,20180306
2018-03-07,12.479999542236328,12.59000015258789,12.1899995803833,12.350000381469727,12.350000381469727,24957700,20180307
2018-03-08,12.319999694824219,12.329999923706055,12.079999923706055,12.149999618530273,12.149999618530273,23049800,20180308
2018-03-09,12.270000457763672,12.5,12.260000228881836,12.470000267028809,12.470000267028809,19384800,20180309
2018-03-12,12.40999984741211,12.4399995803833,12.220000267028809,12.369999885559082,12.369999885559082,17481100,20180312
2018-03-13,12.3100004196167,12.5,12.149999618530273,12.239999771118164,12.239999771118164,24193900,20180313
2018-03-14,12.279999732971191,12.34000015258789,12.140000343322754,12.279999732971191,12.279999732971191,18557000,20180314
2018-03-15,12.350000381469727,12.420000076293945,12.289999961853027,12.34000015258789,12.34000015258789,11738900,20180315
2018-03-16,12.350000381469727,12.619999885559082,12.319999694824219,12.550000190734863,12.550000190734863,27880700,20180316
2018-03-19,12.569999694824219,12.579999923706055,12.390000343322754,12.550000190734863,12.550000190734863,22842900,20180319
2018-03-20,12.760000228881836,12.899999618530273,12.710000038146973,12.8100004196167,12.8100004196167,18254700,20180320
2018-03-21,12.960000038146973,13.210000038146973,12.930000305175781,13.180000305175781,13.180000305175781,23088200,20180321
2018-03-22,13.010000228881836,13.050000190734863,12.930000305175781,12.949999809265137,12.949999809265137,15731600,20180322
2018-03-23,13.09000015258789,13.300000190734863,13.079999923706055,13.279999732971191,13.279999732971191,18159100,20180323
2018-03-26,13.229999542236328,13.279999732971191,13.119999885559082,13.210000038146973,13.210000038146973,24974700,20180326
2018-03-27,13.279999732971191,13.289999961853027,13.039999961853027,13.079999923706055,13.079999923706055,20617300,20180327
2018-03-28,13.020000457763672,13.130000114440918,12.850000381469727,13.039999961853027,13.039999961853027,18983200,20180328
2018-03-29,12.989999771118164,13.15999984741211,12.9399995803833,13.09000015258789,13.09000015258789,16318400,20180329
2018-04-02,12.979999542236328,12.979999542236328,12.699999809265137,12.739999771118164,12.739999771118164,19311400,20180402
2018-04-03,12.779999732971191,12.859999656677246,12.720000267028809,12.8100004196167,12.8100004196167,9174600,20180403
2018-04-04,12.550000190734863,12.829999923706055,12.520000457763672,12.819999694824219,12.819999694824219,20310800,20180404
2018-04-05,12.819999694824219,12.9399995803833,12.739999771118164,12.829999923706055,12.829999923706055,17246300,20180405
2018-04-06,12.800000190734863,12.850000381469727,12.470000267028809,12.510000228881836,12.510000228881836,25180100,20180406
2018-04-09,12.6899995803833,12.829999923706055,12.670000076293945,12.770000457763672,12.770000457763672,12814100,20180409
2018-04-10,13.020000457763672,13.270000457763672,13.020000457763672,13.25,13.25,23747600,20180410
2018-04-11,13.300000190734863,13.59000015258789,13.25,13.449999809265137,13.449999809265137,24684500,20180411
2018-04-12,13.399999618530273,13.539999961853027,13.300000190734863,13.520000457763672,13.520000457763672,14872000,20180412
2018-04-13,13.550000190734863,13.640000343322754,13.5,13.550000190734863,13.550000190734863,14162800,20180413
2018-04-16,13.489999771118164,13.5,13.34000015258789,13.380000114440918,13.380000114440918,14024600,20180416
2018-04-17,13.270000457763672,13.4399995803833,13.239999771118164,13.40999984741211,13.40999984741211,13155100,20180417
2018-04-18,13.699999809265137,13.899999618530273,13.640000343322754,13.880000114440918,13.880000114440918,26579100,20180418
2018-04-19,13.949999809265137,14.0,13.720000267028809,13.770000457763672,13.770000457763672,17428400,20180419
2018-04-20,13.65999984741211,13.84000015258789,13.619999885559082,13.75,13.75,11831000,20180420
2018-04-23,13.609999656677246,13.9399995803833,13.550000190734863,13.920000076293945,13.920000076293945,16592800,20180423
2018-04-24,13.850000381469727,14.0,13.630000114440918,13.680000305175781,13.680000305175781,20080400,20180424
2018-04-25,13.6899995803833,13.760000228881836,13.550000190734863,13.720000267028809,13.720000267028809,13658500,20180425
2018-04-26,13.829999923706055,13.84000015258789,13.670000076293945,13.770000457763672,13.770000457763672,17213700,20180426
2018-04-27,13.680000305175781,13.800000190734863,13.670000076293945,13.729999542236328,13.729999542236328,12811800,20180427
2018-04-30,13.619999885559082,14.0,13.600000381469727,13.800000190734863,13.800000190734863,28937300,20180430
2018-05-01,13.6899995803833,13.699999809265137,13.5,13.609999656677246,13.609999656677246,16092100,20180501
2018-05-02,13.5600004196167,13.760000228881836,13.510000228881836,13.670000076293945,13.670000076293945,13823000,20180502
2018-05-03,13.630000114440918,13.850000381469727,13.579999923706055,13.819999694824219,13.819999694824219,12158000,20180503
2018-05-04,13.829999923706055,14.130000114440918,13.829999923706055,14.09000015258789,14.09000015258789,18774100,20180504
2018-05-07,14.1899995803833,14.300000190734863,14.029999732971191,14.100000381469727,14.100000381469727,28789200,20180507
2018-05-08,14.180000305175781,14.220000267028809,13.65999984741211,14.0600004196167,14.0600004196167,52862500,20180508
2018-05-09,14.270000457763672,14.40999984741211,14.260000228881836,14.369999885559082,14.369999885559082,19482500,20180509
2018-05-10,14.380000114440918,14.4399995803833,14.25,14.40999984741211,14.40999984741211,15627100,20180510
2018-05-11,14.369999885559082,14.430000305175781,14.239999771118164,14.25,14.25,14070000,20180511
2018-05-14,14.300000190734863,14.399999618530273,14.289999961853027,14.380000114440918,14.380000114440918,16266500,20180514
2018-05-15,14.369999885559082,14.4399995803833,14.25,14.399999618530273,14.399999618530273,17895700,20180515
2018-05-16,14.34000015258789,14.479999542236328,14.300000190734863,14.460000038146973,14.460000038146973,13464200,20180516
2018-05-17,14.539999961853027,14.630000114440918,14.399999618530273,14.489999771118164,14.489999771118164,17198900,20180517
2018-05-18,14.4399995803833,14.5,14.369999885559082,14.430000305175781,14.430000305175781,12458100,20180518
2018-05-21,14.479999542236328,14.670000076293945,14.470000267028809,14.670000076293945,14.670000076293945,13455100,20180521
2018-05-22,14.649999618530273,14.739999771118164,14.550000190734863,14.5600004196167,14.5600004196167,19676000,20180522
2018-05-23,14.529999732971191,14.579999923706055,14.390000343322754,14.510000228881836,14.510000228881836,15083600,20180523
2018-05-24,14.289999961853027,14.399999618530273,14.270000457763672,14.289999961853027,14.289999961853027,15453900,20180524
2018-05-25,13.930000305175781,13.930000305175781,13.649999618530273,13.680000305175781,13.680000305175781,40562400,20180525
2018-05-29,13.569999694824219,13.600000381469727,13.329999923706055,13.510000228881836,13.510000228881836,26313000,20180529
2018-05-30,13.579999923706055,13.850000381469727,13.579999923706055,13.829999923706055,13.829999923706055,24120900,20180530
2018-05-31,13.579999923706055,13.789999961853027,13.460000038146973,13.550000190734863,13.550000190734863,24246000,20180531
2018-06-01,13.40999984741211,13.520000457763672,13.25,13.25,13.25,22948100,20180601
2018-06-04,13.300000190734863,13.329999923706055,13.0600004196167,13.119999885559082,13.119999885559082,19875500,20180604
2018-06-05,13.029999732971191,13.260000228881836,13.0,13.220000267028809,13.220000267028809,22309300,20180605
2018-06-06,13.1899995803833,13.25,13.0,13.15999984741211,13.15999984741211,16929700,20180606
2018-06-07,13.210000038146973,13.359999656677246,13.199999809265137,13.350000381469727,13.350000381469727,14214600,20180607
2018-06-08,13.3100004196167,13.390000343322754,13.180000305175781,13.270000457763672,13.270000457763672,15834100,20180608
2018-06-11,13.170000076293945,13.420000076293945,13.149999618530273,13.359999656677246,13.359999656677246,14690600,20180611
2018-06-12,13.34000015258789,13.489999771118164,13.329999923706055,13.399999618530273,13.399999618530273,19473300,20180612
2018-06-13,13.350000381469727,13.520000457763672,13.329999923706055,13.470000267028809,13.470000267028809,17456900,20180613
2018-06-14,13.550000190734863,13.5600004196167,13.399999618530273,13.520000457763672,13.520000457763672,13338000,20180614
2018-06-15,13.4399995803833,13.4399995803833,13.039999961853027,13.050000190734863,13.050000190734863,27494500,20180615
2018-06-18,13.170000076293945,13.329999923706055,13.119999885559082,13.289999961853027,13.289999961853027,17784900,20180618
2018-06-19,13.100000381469727,13.210000038146973,13.010000228881836,13.140000343322754,13.140000343322754,15998200,20180619
2018-06-20,13.319999694824219,13.4399995803833,13.149999618530273,13.279999732971191,13.279999732971191,20321900,20180620
2018-06-21,13.140000343322754,13.40999984741211,13.119999885559082,13.3100004196167,13.3100004196167,17963000,20180621
2018-06-22,13.710000038146973,14.029999732971191,13.59000015258789,14.020000457763672,14.020000457763672,32875800,20180622
2018-06-25,14.010000228881836,14.050000190734863,13.729999542236328,13.770000457763672,13.770000457763672,24799600,20180625
2018-06-26,13.90999984741211,14.3100004196167,13.789999961853027,14.270000457763672,14.270000457763672,33644300,20180626
2018-06-27,14.489999771118164,14.800000190734863,14.479999542236328,14.649999618530273,14.649999618530273,34440900,20180627
2018-06-28,14.729999542236328,14.989999771118164,14.6899995803833,14.859999656677246,14.859999656677246,31061500,20180628
2018-06-29,14.930000305175781,15.079999923706055,14.920000076293945,15.0600004196167,15.0600004196167,21610000,20180629
2018-07-02,15.0,15.0600004196167,14.869999885559082,14.960000038146973,14.960000038146973,21536200,20180702
2018-07-03,15.1899995803833,15.25,14.729999542236328,14.920000076293945,14.920000076293945,21090900,20180703
2018-07-05,15.0,15.050000190734863,14.699999809265137,14.779999732971191,14.779999732971191,21897200,20180705
2018-07-06,14.670000076293945,14.979999542236328,14.65999984741211,14.960000038146973,14.960000038146973,18943600,20180706
2018-07-09,14.970000267028809,15.029999732971191,14.8100004196167,15.029999732971191,15.029999732971191,12898200,20180709
2018-07-10,15.109999656677246,15.170000076293945,14.979999542236328,15.069999694824219,15.069999694824219,15415200,20180710
2018-07-11,14.880000114440918,15.029999732971191,14.220000267028809,14.3100004196167,14.3100004196167,38408300,20180711
2018-07-12,14.380000114440918,14.449999809265137,14.140000343322754,14.390000343322754,14.390000343322754,23510400,20180712
2018-07-13,14.420000076293945,14.65999984741211,14.399999618530273,14.470000267028809,14.470000267028809,19184300,20180713
2018-07-16,14.199999809265137,14.229999542236328,13.859999656677246,13.9399995803833,13.9399995803833,31202200,20180716
2018-07-17,13.84000015258789,14.050000190734863,13.760000228881836,13.949999809265137,13.949999809265137,54456500,20180717
2018-07-18,13.850000381469727,14.109999656677246,13.779999732971191,14.100000381469727,14.100000381469727,22275400,20180718
2018-07-19,14.079999923706055,14.289999961853027,14.029999732971191,14.130000114440918,14.130000114440918,22130300,20180719
2018-07-20,14.180000305175781,14.229999542236328,14.069999694824219,14.149999618530273,14.149999618530273,22809500,20180720
2018-07-23,14.319999694824219,14.399999618530273,14.050000190734863,14.09000015258789,14.09000015258789,23496000,20180723
2018-07-24,14.109999656677246,14.350000381469727,14.109999656677246,14.229999542236328,14.229999542236328,19964500,20180724
2018-07-25,14.279999732971191,14.479999542236328,14.170000076293945,14.420000076293945,14.420000076293945,21492300,20180725
2018-07-26,14.34000015258789,14.539999961853027,14.34000015258789,14.470000267028809,14.470000267028809,15826300,20180726
2018-07-27,14.449999809265137,14.5,14.1899995803833,14.319999694824219,14.319999694824219,15063300,20180727
2018-07-30,14.59000015258789,14.640000343322754,14.520000457763672,14.539999961853027,14.539999961853027,17240300,20180730
2018-07-31,14.380000114440918,14.399999618530273,14.239999771118164,14.279999732971191,14.279999732971191,16243900,20180731
2018-08-01,14.09000015258789,14.220000267028809,13.989999771118164,14.09000015258789,14.09000015258789,18113800,20180801
2018-08-02,14.010000228881836,14.420000076293945,13.979999542236328,14.359999656677246,14.359999656677246,17357300,20180802
2018-08-03,14.3100004196167,14.350000381469727,14.109999656677246,14.270000457763672,14.270000457763672,16502400,20180803
2018-08-06,14.399999618530273,14.539999961853027,14.300000190734863,14.3100004196167,14.3100004196167,20448200,20180806
2018-08-07,14.430000305175781,14.479999542236328,14.34000015258789,14.359999656677246,14.359999656677246,13378800,20180807
2018-08-08,14.1899995803833,14.1899995803833,13.800000190734863,13.899999618530273,13.899999618530273,28879800,20180808
2018-08-09,13.970000267028809,14.029999732971191,13.869999885559082,13.880000114440918,13.880000114440918,16144000,20180809
2018-08-10,14.010000228881836,14.119999885559082,13.989999771118164,14.079999923706055,14.079999923706055,18042000,20180810
2018-08-13,14.010000228881836,14.050000190734863,13.680000305175781,14.010000228881836,14.010000228881836,27380100,20180813
2018-08-14,14.220000267028809,14.229999542236328,13.890000343322754,13.989999771118164,13.989999771118164,18942300,20180814
2018-08-15,13.779999732971191,13.789999961853027,13.4399995803833,13.510000228881836,13.510000228881836,47568300,20180815
2018-08-16,13.569999694824219,13.649999618530273,13.520000457763672,13.630000114440918,13.630000114440918,18469000,20180816
2018-08-17,13.8100004196167,13.819999694824219,13.609999656677246,13.6899995803833,13.6899995803833,20418900,20180817
2018-08-20,13.6899995803833,13.800000190734863,13.65999984741211,13.760000228881836,13.760000228881836,17522400,20180820
2018-08-21,13.960000038146973,13.979999542236328,13.8100004196167,13.829999923706055,13.829999923706055,10723600,20180821
2018-08-22,14.130000114440918,14.319999694824219,14.0600004196167,14.270000457763672,14.270000457763672,20301600,20180822
2018-08-23,14.199999809265137,14.3100004196167,14.15999984741211,14.270000457763672,14.270000457763672,11531100,20180823
2018-08-24,14.5,14.579999923706055,14.359999656677246,14.430000305175781,14.430000305175781,14303300,20180824
2018-08-27,14.479999542236328,14.510000228881836,14.40999984741211,14.5,14.5,10867600,20180827
2018-08-28,14.510000228881836,14.510000228881836,14.350000381469727,14.430000305175781,14.430000305175781,10730100,20180828
2018-08-29,14.529999732971191,14.670000076293945,14.479999542236328,14.65999984741211,14.65999984741211,17719500,20180829
2018-08-30,14.6899995803833,14.829999923706055,14.640000343322754,14.75,14.75,14333900,20180830
2018-08-31,14.729999542236328,14.779999732971191,14.649999618530273,14.710000038146973,14.710000038146973,11002800,20180831
2018-09-04,14.850000381469727,14.869999885559082,14.529999732971191,14.579999923706055,14.579999923706055,15035800,20180904
2018-09-05,14.579999923706055,14.640000343322754,14.4399995803833,14.489999771118164,14.489999771118164,12873600,20180905
2018-09-06,14.460000038146973,14.489999771118164,14.100000381469727,14.300000190734863,14.300000190734863,15539100,20180906
2018-09-07,14.130000114440918,14.289999961853027,14.069999694824219,14.279999732971191,14.279999732971191,13748700,20180907
2018-09-10,14.380000114440918,14.420000076293945,14.170000076293945,14.210000038146973,14.210000038146973,9941300,20180910
2018-09-11,14.270000457763672,14.630000114440918,14.229999542236328,14.600000381469727,14.600000381469727,12411200,20180911
2018-09-12,14.75,14.960000038146973,14.729999542236328,14.779999732971191,14.779999732971191,18648500,20180912
2018-09-13,14.609999656677246,14.670000076293945,14.390000343322754,14.489999771118164,14.489999771118164,18426700,20180913
2018-09-14,14.479999542236328,14.710000038146973,14.3100004196167,14.5,14.5,16358000,20180914
2018-09-17,14.609999656677246,14.65999984741211,14.420000076293945,14.470000267028809,14.470000267028809,14423300,20180917
2018-09-18,14.6899995803833,14.8100004196167,14.59000015258789,14.6899995803833,14.6899995803833,14687600,20180918
2018-09-19,14.739999771118164,14.949999809265137,14.729999542236328,14.9399995803833,14.9399995803833,17463400,20180919
2018-09-20,15.020000457763672,15.050000190734863,14.779999732971191,14.800000190734863,14.800000190734863,14768600,20180920
2018-09-21,14.989999771118164,15.149999618530273,14.779999732971191,14.960000038146973,14.960000038146973,28359900,20180921
2018-09-24,15.220000267028809,15.359999656677246,15.170000076293945,15.25,15.25,24690800,20180924
2018-09-25,15.319999694824219,15.359999656677246,15.180000305175781,15.270000457763672,15.270000457763672,18303900,20180925
2018-09-26,15.170000076293945,15.239999771118164,15.09000015258789,15.109999656677246,15.109999656677246,11065200,20180926
2018-09-27,15.260000228881836,15.270000457763672,15.149999618530273,15.260000228881836,15.260000228881836,11781900,20180927
2018-09-28,15.239999771118164,15.569999694824219,15.229999542236328,15.520000457763672,15.520000457763672,18517100,20180928
2018-10-01,15.5,16.010000228881836,15.449999809265137,15.949999809265137,15.949999809265137,26228400,20181001
2018-10-02,15.949999809265137,15.960000038146973,15.829999923706055,15.869999885559082,15.869999885559082,15998000,20181002
2018-10-03,15.850000381469727,16.239999771118164,15.670000076293945,16.079999923706055,16.079999923706055,26224200,20181003
2018-10-04,16.030000686645508,16.030000686645508,15.609999656677246,15.739999771118164,15.739999771118164,26401700,20181004
2018-10-05,15.720000267028809,15.880000114440918,15.600000381469727,15.6899995803833,15.6899995803833,26026300,20181005
2018-10-08,15.5600004196167,15.710000038146973,15.529999732971191,15.680000305175781,15.680000305175781,19786700,20181008
2018-10-09,15.779999732971191,15.899999618530273,15.640000343322754,15.819999694824219,15.819999694824219,23300600,20181009
2018-10-10,15.770000457763672,15.770000457763672,15.369999885559082,15.380000114440918,15.380000114440918,18077900,20181010
2018-10-11,15.220000267028809,15.270000457763672,14.890000343322754,14.949999809265137,14.949999809265137,29788500,20181011
2018-10-12,15.140000343322754,15.15999984741211,14.920000076293945,15.119999885559082,15.119999885559082,26727200,20181012
2018-10-15,15.119999885559082,15.170000076293945,14.970000267028809,15.130000114440918,15.130000114440918,22378000,20181015
2018-10-16,15.09000015258789,15.270000457763672,15.050000190734863,15.1899995803833,15.1899995803833,18469600,20181016
2018-10-17,15.050000190734863,15.0600004196167,14.6899995803833,14.819999694824219,14.819999694824219,31607600,20181017
2018-10-18,14.5600004196167,14.760000228881836,14.510000228881836,14.5600004196167,14.5600004196167,23906400,20181018
2018-10-19,14.680000305175781,14.800000190734863,14.630000114440918,14.720000267028809,14.720000267028809,20596400,20181019
2018-10-22,14.600000381469727,14.75,14.5,14.739999771118164,14.739999771118164,17461800,20181022
2018-10-23,14.359999656677246,14.390000343322754,13.930000305175781,14.039999961853027,14.039999961853027,46733900,20181023
2018-10-24,14.239999771118164,14.34000015258789,14.039999961853027,14.050000190734863,14.050000190734863,27014000,20181024
2018-10-25,14.180000305175781,14.329999923706055,14.15999984741211,14.210000038146973,14.210000038146973,15381000,20181025
2018-10-26,14.119999885559082,14.380000114440918,14.0600004196167,14.329999923706055,14.329999923706055,21719500,20181026
2018-10-29,14.25,14.279999732971191,14.039999961853027,14.109999656677246,14.109999656677246,21263300,20181029
2018-10-30,13.899999618530273,14.15999984741211,13.869999885559082,14.029999732971191,14.029999732971191,19665600,20181030
2018-10-31,13.989999771118164,14.130000114440918,13.770000457763672,13.789999961853027,13.789999961853027,31990800,20181031
2018-11-01,13.859999656677246,13.859999656677246,13.369999885559082,13.460000038146973,13.460000038146973,36053900,20181101
2018-11-02,13.420000076293945,13.520000457763672,13.279999732971191,13.3100004196167,13.3100004196167,28761400,20181102
2018-11-05,13.489999771118164,13.59000015258789,13.289999961853027,13.300000190734863,13.300000190734863,19649400,20181105
2018-11-06,13.390000343322754,13.420000076293945,12.989999771118164,13.180000305175781,13.180000305175781,29618600,20181106
2018-11-07,13.260000228881836,13.3100004196167,12.979999542236328,13.0600004196167,13.0600004196167,25920300,20181107
2018-11-08,12.989999771118164,13.0600004196167,12.819999694824219,12.84000015258789,12.84000015258789,27401000,20181108
2018-11-09,12.649999618530273,12.84000015258789,12.569999694824219,12.699999809265137,12.699999809265137,30864700,20181109
2018-11-12,12.859999656677246,12.970000267028809,12.4399995803833,12.479999542236328,12.479999542236328,34847000,20181112
2018-11-13,12.420000076293945,12.479999542236328,11.619999885559082,11.6899995803833,11.6899995803833,84955700,20181113
2018-11-14,12.020000457763672,12.170000076293945,11.880000114440918,11.949999809265137,11.949999809265137,55488800,20181114
2018-11-15,11.989999771118164,12.15999984741211,11.930000305175781,11.979999542236328,11.979999542236328,39391900,20181115
2018-11-16,12.199999809265137,12.300000190734863,11.869999885559082,12.069999694824219,12.069999694824219,30347000,20181116
2018-11-19,11.880000114440918,12.180000305175781,11.699999809265137,12.140000343322754,12.140000343322754,34529500,20181119
2018-11-20,11.829999923706055,11.899999618530273,11.15999984741211,11.270000457763672,11.270000457763672,72177700,20181120
2018-11-21,11.510000228881836,11.819999694824219,11.420000076293945,11.520000457763672,11.520000457763672,38220800,20181121
2018-11-23,10.880000114440918,10.9399995803833,10.6899995803833,10.829999923706055,10.829999923706055,55536400,20181123
2018-11-26,10.949999809265137,11.0600004196167,10.880000114440918,10.9399995803833,10.9399995803833,39021600,20181126
2018-11-27,10.970000267028809,11.079999923706055,10.640000343322754,10.949999809265137,10.949999809265137,36086100,20181127
2018-11-28,10.850000381469727,11.039999961853027,10.600000381469727,10.65999984741211,10.65999984741211,48781800,20181128
2018-11-29,10.84000015258789,11.039999961853027,10.760000228881836,10.869999885559082,10.869999885559082,33119900,20181129
2018-11-30,10.630000114440918,10.930000305175781,10.510000228881836,10.729999542236328,10.729999542236328,46819800,20181130
2018-12-03,11.270000457763672,11.270000457763672,11.020000457763672,11.270000457763672,11.270000457763672,32582300,20181203
2018-12-04,11.25,11.350000381469727,11.149999618530273,11.180000305175781,11.180000305175781,27194400,20181204
2018-12-06,10.859999656677246,11.0,10.600000381469727,10.9399995803833,10.9399995803833,45909400,20181206
2018-12-07,11.369999885559082,11.479999542236328,11.079999923706055,11.109999656677246,11.109999656677246,43287600,20181207
2018-12-10,10.869999885559082,11.029999732971191,10.699999809265137,10.75,10.75,31402100,20181210
2018-12-11,11.039999961853027,11.100000381469727,10.850000381469727,10.949999809265137,10.949999809265137,20848300,20181211
2018-12-12,11.069999694824219,11.130000114440918,10.789999961853027,10.819999694824219,10.819999694824219,26276000,20181212
2018-12-13,10.739999771118164,11.270000457763672,10.720000267028809,11.210000038146973,11.210000038146973,53082700,20181213
2018-12-14,11.09000015258789,11.100000381469727,10.779999732971191,10.819999694824219,10.819999694824219,35792000,20181214
2018-12-17,10.890000343322754,10.90999984741211,10.40999984741211,10.449999809265137,10.449999809265137,40129600,20181217
2018-12-18,10.40999984741211,10.40999984741211,9.729999542236328,9.789999961853027,9.789999961853027,56381900,20181218
2018-12-19,9.970000267028809,10.199999809265137,9.920000076293945,10.020000457763672,10.020000457763672,38468500,20181219
2018-12-20,9.8100004196167,9.960000038146973,9.640000343322754,9.720000267028809,9.720000267028809,44132600,20181220
2018-12-21,9.619999885559082,9.779999732971191,9.539999961853027,9.569999694824219,9.569999694824219,38901200,20181221
2018-12-24,9.489999771118164,9.520000457763672,9.279999732971191,9.289999961853027,9.289999961853027,21598200,20181224
2018-12-26,9.25,9.920000076293945,9.229999542236328,9.899999618530273,9.899999618530273,40978800,20181226
2018-12-27,9.59000015258789,9.649999618530273,9.369999885559082,9.619999885559082,9.619999885559082,36578700,20181227
2018-12-28,9.539999961853027,9.649999618530273,9.380000114440918,9.529999732971191,9.529999732971191,22803400,20181228
2018-12-31,9.630000114440918,9.710000038146973,9.4399995803833,9.65999984741211,9.65999984741211,28417400,20181231
2019-01-02,9.420000076293945,10.079999923706055,9.359999656677246,9.850000381469727,9.850000381469727,33102800,20190102
2019-01-03,9.989999771118164,10.010000228881836,9.649999618530273,9.949999809265137,9.949999809265137,32219000,20190103
2019-01-04,10.170000076293945,10.390000343322754,10.0600004196167,10.180000305175781,10.180000305175781,38916100,20190104
2019-01-07,10.270000457763672,10.520000457763672,10.229999542236328,10.289999961853027,10.289999961853027,32249100,20190107
2019-01-08,10.430000305175781,10.550000190734863,10.359999656677246,10.5,10.5,29153200,20190108
2019-01-09,10.8100004196167,11.100000381469727,10.6899995803833,11.050000190734863,11.050000190734863,49188300,20190109
2019-01-10,10.890000343322754,11.140000343322754,10.850000381469727,11.100000381469727,11.100000381469727,21178000,20190110
2019-01-11,10.979999542236328,11.050000190734863,10.8100004196167,10.899999618530273,10.899999618530273,28613500,20190111
2019-01-14,10.8100004196167,10.930000305175781,10.630000114440918,10.6899995803833,10.6899995803833,31060300,20190114
2019-01-15,10.850000381469727,11.039999961853027,10.850000381469727,11.0,11.0,23915900,20190115
2019-01-16,10.949999809265137,11.069999694824219,10.819999694824219,11.0600004196167,11.0600004196167,32753300,20190116
2019-01-17,10.880000114440918,11.100000381469727,10.770000457763672,11.029999732971191,11.029999732971191,35852800,20190117
2019-01-18,11.119999885559082,11.369999885559082,11.039999961853027,11.3100004196167,11.3100004196167,40840200,20190118
2019-01-22,11.09000015258789,11.15999984741211,10.930000305175781,11.119999885559082,11.119999885559082,36777400,20190122
2019-01-23,11.170000076293945,11.1899995803833,10.890000343322754,11.050000190734863,11.050000190734863,29044800,20190123
2019-01-24,11.0600004196167,11.229999542236328,11.029999732971191,11.170000076293945,11.170000076293945,21986900,20190124
2019-01-25,11.199999809265137,11.300000190734863,11.15999984741211,11.25,11.25,17767800,20190125
2019-01-28,10.9399995803833,10.970000267028809,10.779999732971191,10.949999809265137,10.949999809265137,28911300,20190128
2019-01-29,11.119999885559082,11.329999923706055,11.119999885559082,11.15999984741211,11.15999984741211,22782600,20190129
2019-01-30,11.34000015258789,11.539999961853027,11.289999961853027,11.399999618530273,11.399999618530273,20660000,20190130
2019-01-31,11.5,11.630000114440918,11.260000228881836,11.350000381469727,11.350000381469727,27546800,20190131
2019-02-01,11.399999618530273,11.6899995803833,11.390000343322754,11.630000114440918,11.630000114440918,18899800,20190201
2019-02-04,11.380000114440918,11.520000457763672,11.199999809265137,11.5,11.5,19827800,20190204
2019-02-05,11.279999732971191,11.470000267028809,11.229999542236328,11.289999961853027,11.289999961853027,21945300,20190205
2019-02-06,11.210000038146973,11.40999984741211,11.130000114440918,11.319999694824219,11.319999694824219,19192800,20190206
2019-02-07,11.260000228881836,11.289999961853027,10.880000114440918,11.069999694824219,11.069999694824219,22222600,20190207
2019-02-08,11.100000381469727,11.130000114440918,10.970000267028809,11.079999923706055,11.079999923706055,13876700,20190208
2019-02-11,10.84000015258789,11.0600004196167,10.770000457763672,11.010000228881836,11.010000228881836,23566900,20190211
2019-02-12,11.319999694824219,11.34000015258789,11.130000114440918,11.15999984741211,11.15999984741211,17871100,20190212
2019-02-13,11.300000190734863,11.470000267028809,11.289999961853027,11.34000015258789,11.34000015258789,20781800,20190213
2019-02-14,11.270000457763672,11.479999542236328,11.170000076293945,11.479999542236328,11.479999542236328,27164200,20190214
2019-02-15,11.609999656677246,11.729999542236328,11.569999694824219,11.710000038146973,11.710000038146973,18769400,20190215
2019-02-19,11.640000343322754,11.800000190734863,11.630000114440918,11.779999732971191,11.779999732971191,21093600,20190219
2019-02-20,11.729999542236328,12.020000457763672,11.720000267028809,11.930000305175781,11.930000305175781,17007300,20190220
2019-02-21,11.890000343322754,11.9399995803833,11.829999923706055,11.880000114440918,11.880000114440918,13234700,20190221
2019-02-22,12.0,12.0600004196167,11.930000305175781,11.949999809265137,11.949999809265137,13080900,20190222
2019-02-25,11.729999542236328,11.770000457763672,11.5,11.569999694824219,11.569999694824219,28525200,20190225
2019-02-26,11.609999656677246,11.699999809265137,11.539999961853027,11.630000114440918,11.630000114440918,19945800,20190226
2019-02-27,11.829999923706055,11.989999771118164,11.760000228881836,11.890000343322754,11.890000343322754,21507800,20190227
2019-02-28,11.920000076293945,11.989999771118164,11.850000381469727,11.949999809265137,11.949999809265137,14269100,20190228
2019-03-01,11.949999809265137,12.029999732971191,11.609999656677246,11.65999984741211,11.65999984741211,31665800,20190301
2019-03-04,11.84000015258789,11.90999984741211,11.680000305175781,11.800000190734863,11.800000190734863,22026167,20190304
